"V1","V2","V3","V4","V5","V6","V7","V8","V9","V10","V11","V12","V13","V14"
0,0,0,0,0,0,1,0,1,1,9,1,14,1
0,0,0,0,0,0,0,0,0,0,0,2,24,1
1,0,0,0,0,0,0,1,1,1,94,2,122,1
0,0,1,0,0,0,0,0,0,1,0,0,2,0
1,0,0,0,0,0,0,0,1,0,11,1,5,0
1,0,0,0,0,0,0,0,1,0,1,0,0,0
0,0,0,0,0,0,0,0,0,0,7,20,257,0
0,0,0,0,0,0,0,1,0,1,94,1,140,0
0,0,0,0,0,0,0,0,0,0,2,0,0,0
0,1,0,0,1,0,0,0,0,2,1,0,0,0
0,0,1,0,0,0,0,0,0,1,1,2,15,0
1,0,1,0,0,0,0,0,1,1,1,1,30,0
1,0,0,0,0,1,0,0,1,1,10,1,4,0
1,0,1,0,0,0,0,0,1,1,8,0,0,0
1,0,1,0,0,0,1,0,1,2,3,0,0,0
0,0,0,0,0,0,0,0,0,0,2,1,5,0
1,0,0,0,3,3,0,2,3,8,34,3,63,0
0,0,2,0,1,0,0,1,0,4,6,1,4,0
3,0,1,0,1,0,0,4,5,6,229,8,239,3
0,0,1,0,0,0,0,1,1,2,15,1,22,0
1,0,1,0,0,0,0,0,1,1,12,1,4,1
0,0,0,1,0,0,1,1,2,3,50,5,78,3
0,0,0,0,0,0,0,0,0,0,1,4,39,3
0,0,0,0,0,1,0,0,0,1,1,0,0,0
2,0,0,0,1,0,0,2,2,3,13,1,5,0
1,0,2,0,1,0,0,0,1,3,1,1,39,0
0,0,0,0,0,0,0,0,0,0,1,0,67,0
0,0,1,0,2,0,0,0,0,3,5,0,0,0
0,0,1,0,0,0,0,1,0,2,1,1,9,0
0,0,0,0,0,0,0,0,0,0,1,0,2,0
1,0,0,0,0,0,0,1,2,1,13,1,23,0
0,0,0,1,0,0,0,0,1,1,19,0,0,0
0,0,0,0,0,0,0,0,0,0,8,0,3,0
1,0,0,0,0,0,0,1,1,1,127,2,101,0
0,0,1,0,1,0,0,0,0,2,2,2,11,0
0,0,0,0,0,1,0,0,0,1,7,0,0,0
0,0,0,0,0,0,0,0,0,0,1,0,0,0
1,0,0,0,1,0,0,0,1,1,16,1,6,0
0,0,2,0,1,0,0,0,0,3,12,1,16,1
0,0,0,0,0,0,0,0,0,0,50,0,0,0
0,0,1,0,0,0,0,0,0,1,1,0,0,0
0,0,0,0,0,1,0,0,0,1,1,0,0,0
0,0,1,0,2,1,0,1,1,5,1,1,5,0
0,0,0,0,2,1,0,1,0,4,35,2,70,0
0,0,0,0,0,3,0,0,1,3,7,1,5,0
0,0,0,0,0,0,0,0,0,0,1,0,0,0
0,0,0,0,0,0,0,0,0,0,1,0,0,0
0,0,0,0,0,0,0,0,0,0,1,3,94,0
0,0,1,0,2,0,0,2,2,5,88,3,201,0
0,0,0,0,0,0,0,0,0,0,22,0,0,0
2,0,1,0,1,0,0,0,2,2,25,2,36,1
0,0,0,0,0,0,0,0,0,0,3,3,82,1
0,0,0,0,0,0,0,0,0,0,7,0,0,0
1,0,4,0,1,0,0,1,2,6,3,2,50,0
1,0,0,0,0,1,0,3,4,4,129,5,116,3
1,0,3,0,0,0,0,0,1,3,7,0,0,0
0,0,1,0,1,0,0,0,0,2,1,0,0,0
0,0,2,0,0,0,0,0,0,2,4,1,18,0
0,0,0,0,0,0,0,0,0,0,4,0,0,0
2,0,0,0,0,1,0,1,3,2,4,0,0,0
0,0,0,0,0,0,0,0,0,0,5,0,0,0
1,0,0,0,0,0,0,0,1,0,1,0,0,0
1,0,1,0,0,0,0,0,1,1,12,2,23,1
0,0,1,0,0,0,0,0,0,1,3,0,0,0
0,0,0,0,0,0,0,1,0,1,2,1,10,0
0,0,0,0,0,0,0,0,0,0,2,0,0,0
2,0,1,0,0,0,1,0,3,2,19,1,17,1
1,0,0,0,0,0,0,0,1,0,7,1,20,0
0,0,1,0,1,1,0,0,0,3,9,1,19,0
1,0,0,0,1,1,0,1,1,3,22,2,77,0
0,0,0,0,0,0,0,1,1,1,15,1,20,1
0,0,0,0,0,0,0,0,0,0,3,0,0,0
0,0,0,0,1,0,0,0,0,1,3,1,6,0
1,0,2,0,0,0,0,0,1,2,10,0,0,0
0,0,2,0,1,0,0,0,0,3,3,2,15,0
0,0,1,0,0,0,0,0,1,1,8,1,8,0
0,0,0,0,0,0,0,1,0,1,2,1,116,0
1,0,0,0,0,0,0,0,1,0,1,0,0,0
5,0,1,0,1,0,0,0,5,2,8,4,32,0
0,0,0,0,0,0,0,0,0,0,1,0,3,0
0,0,0,0,0,0,0,0,0,0,11,0,0,0
1,0,1,0,0,1,1,0,1,3,7,0,0,0
0,0,1,0,0,0,0,0,0,1,2,0,0,0
7,0,1,0,1,0,1,1,7,4,96,6,149,0
2,0,0,1,1,1,0,0,3,3,14,4,39,2
1,0,0,0,0,0,0,0,1,0,13,1,16,1
0,0,1,0,0,0,0,0,0,1,1,0,0,0
0,0,0,0,0,1,1,2,0,4,3,0,2,0
0,0,0,0,0,0,0,0,0,0,3,0,0,0
0,0,0,0,0,0,0,1,0,1,90,1,143,0
1,0,0,0,0,0,0,0,1,0,1,1,8,0
0,0,0,0,0,0,0,0,0,0,1,1,6,0
0,0,0,0,0,2,0,1,1,3,3,3,26,0
0,0,0,0,1,0,0,0,0,1,1,0,0,0
1,0,0,0,0,0,0,0,1,0,20,1,27,0
1,0,2,0,0,0,0,0,1,2,6,1,13,1
0,0,1,0,1,0,0,0,0,2,1,0,0,0
0,0,0,0,0,0,0,0,0,0,1,0,0,0
1,0,0,0,0,0,0,1,1,1,116,2,148,0
0,0,0,0,0,0,0,0,0,0,1,0,0,0
0,0,2,0,1,0,1,0,0,4,1,0,3,0
2,0,0,0,0,0,0,0,2,0,15,4,270,1
0,0,0,0,4,0,0,0,0,4,1,3,24,0
1,0,0,0,0,0,0,0,1,0,6,0,0,0
0,0,0,0,1,0,0,0,0,1,4,0,0,0
1,0,0,0,0,0,0,0,1,0,2,0,0,0
0,0,1,0,0,0,0,0,0,1,1,0,0,0
1,0,2,0,1,0,0,0,1,3,12,4,49,0
1,0,0,0,0,0,0,0,1,0,6,0,0,0
0,0,0,0,1,0,0,0,0,1,2,1,4,0
0,0,0,0,2,2,0,0,0,4,1,0,0,0
1,0,1,0,1,0,0,0,1,2,1,1,5,0
1,0,0,0,0,0,0,0,1,0,1,0,0,0
1,0,0,0,0,0,0,0,1,0,5,1,6,0
1,0,0,0,0,2,1,0,2,3,1,3,18,0
0,0,0,0,0,0,0,0,0,0,1,0,0,0
0,0,1,0,0,0,0,1,1,2,0,1,27,0
0,0,0,0,1,0,0,1,0,2,3,0,0,0
0,0,0,0,1,1,1,2,2,5,35,3,110,0
0,0,4,0,0,0,0,1,1,5,3,1,24,1
0,0,0,0,0,3,0,1,1,4,1,2,52,0
0,0,0,0,0,0,0,0,0,0,1,0,4,0
0,0,0,0,0,0,0,2,1,2,1,1,9,0
0,0,0,0,0,0,0,0,0,0,1,1,8,0
0,0,2,0,1,0,0,0,0,3,1,0,0,0
2,0,3,0,2,0,0,0,2,5,21,3,29,1
0,0,1,0,0,1,0,1,1,3,9,7,56,1
0,0,0,0,0,0,1,2,1,3,36,3,53,0
1,0,0,0,0,0,0,0,1,0,1,3,35,2
0,0,1,0,0,0,0,3,2,4,17,2,137,0
0,1,2,0,0,0,0,0,0,3,1,0,0,0
2,0,0,0,0,0,0,1,3,1,23,2,38,1
0,0,0,0,1,0,0,0,0,1,2,1,8,0
0,0,0,0,0,0,0,0,0,0,1,0,0,0
0,0,0,0,0,0,0,0,0,0,1,0,0,0
0,0,4,0,5,1,0,1,0,11,6,13,126,1
1,0,0,0,0,0,0,0,1,0,1,0,0,0
0,0,0,0,0,0,0,0,0,0,1,0,0,0
0,0,1,0,1,0,0,0,0,2,1,3,15,0
1,0,7,0,7,2,0,1,1,17,39,8,118,2
1,0,0,0,0,0,0,0,1,0,19,1,18,1
1,0,2,0,1,0,0,1,2,4,51,1,68,0
0,0,1,0,0,0,0,0,0,1,1,0,0,0
0,0,1,0,1,1,0,0,0,3,1,1,7,0
1,0,1,0,0,0,0,0,1,1,2,0,0,0
0,0,1,0,0,0,0,0,0,1,1,0,0,0
0,0,1,0,1,0,0,1,1,3,10,1,23,1
1,0,1,0,2,0,0,1,1,4,87,2,130,0
0,0,0,0,0,0,0,1,1,1,1,0,0,0
0,0,0,0,1,0,0,0,0,1,1,1,9,0
1,0,1,0,4,1,0,0,1,6,0,4,29,0
0,0,0,0,0,0,0,0,0,0,1,0,0,0
0,0,8,0,11,4,0,1,0,24,0,3,31,1
0,0,1,0,0,0,0,0,0,1,1,0,0,0
0,0,1,0,0,0,0,0,0,1,11,0,0,0
2,0,1,0,0,0,0,1,2,2,43,2,80,0
0,0,2,0,0,0,0,0,0,2,36,1,61,0
1,0,0,0,0,0,0,0,1,0,23,1,28,1
2,0,9,0,2,1,0,0,2,12,10,24,215,11
0,0,2,0,6,3,0,1,0,12,3,13,98,3
0,0,2,0,1,0,0,0,0,3,31,1,31,1
0,0,1,0,0,0,0,0,0,1,1,0,0,0
0,0,1,0,0,0,0,0,0,1,1,0,0,0
1,0,0,0,0,0,0,0,1,0,14,0,0,0
1,0,0,0,0,0,0,0,1,0,7,1,6,0
0,0,0,0,0,0,0,0,0,0,1,0,0,0
1,0,0,0,0,0,0,2,3,2,40,2,60,1
0,0,0,0,1,0,0,0,0,1,1,9,90,2
1,0,0,0,1,0,1,0,2,2,17,2,15,0
0,0,0,0,0,0,0,0,0,0,0,0,0,0
2,0,0,0,0,0,0,0,2,0,8,0,0,0
0,0,0,0,0,0,0,0,0,0,1,0,0,0
0,0,1,0,0,0,0,1,1,2,1,1,31,0
0,0,2,0,0,0,0,1,1,3,2,1,7,0
2,0,2,0,0,0,0,1,2,3,42,3,85,0
2,0,0,0,0,0,0,0,2,0,11,2,58,0
0,0,0,0,1,0,0,1,1,2,15,1,27,1
0,0,0,0,0,0,0,0,0,0,0,0,0,0
1,0,0,0,1,0,0,0,1,1,3,3,193,0
0,0,0,0,2,0,0,2,1,4,5,0,0,0
0,0,0,0,1,0,0,2,0,3,83,2,199,0
1,0,0,0,0,0,0,0,1,0,1,0,0,0
2,0,0,0,0,1,0,0,2,1,7,6,79,0
0,0,0,0,0,1,0,1,0,2,1,5,53,2
0,0,0,0,0,0,0,0,0,0,18,0,0,0
0,0,1,0,0,0,0,0,0,1,1,0,0,0
0,0,0,0,0,0,0,1,1,1,14,1,39,1
2,0,0,0,0,1,0,0,2,1,6,4,30,0
0,0,0,0,0,0,0,0,0,0,1,0,0,0
3,0,1,0,0,0,0,2,4,3,5,2,135,0
1,0,0,0,0,0,0,0,1,0,19,2,20,0
1,0,0,0,0,0,0,0,1,0,12,1,10,0
3,0,1,0,0,0,0,0,3,1,27,1,31,1
0,0,0,0,0,0,0,0,0,0,1,0,0,0
0,0,1,0,1,1,0,2,2,5,6,2,18,0
0,0,1,0,0,0,0,0,0,1,2,0,0,0
1,0,1,0,1,1,0,0,1,3,3,2,14,0
0,1,19,0,1,0,0,0,0,21,2,0,0,0
0,0,0,0,1,0,0,0,0,1,0,1,7,0
2,0,1,0,0,0,0,1,3,2,18,0,2,0
0,0,2,0,0,0,0,0,0,2,1,0,0,0
1,0,1,0,1,0,1,0,2,3,10,1,12,1
0,0,1,0,0,0,0,0,0,1,42,2,85,0
1,0,0,0,0,1,0,0,1,1,5,0,0,0
0,0,2,0,0,1,0,0,0,3,3,2,16,0
0,0,0,0,0,0,0,0,0,0,1,0,0,0
0,0,0,0,0,0,0,1,1,1,3,1,6,0
0,0,1,0,0,0,0,0,1,1,1,0,3,0
1,0,0,0,0,0,0,1,2,1,25,1,34,0
1,0,0,0,0,0,0,0,1,0,0,0,0,0
1,0,1,0,0,0,0,1,2,2,1,1,33,0
0,0,0,0,0,0,0,1,0,1,0,1,45,0
0,0,0,0,1,0,0,1,1,2,7,3,27,1
0,0,0,0,0,0,0,1,1,1,1,1,12,0
1,0,0,0,0,0,0,0,1,0,7,0,0,0
1,0,0,0,0,0,0,0,1,0,3,0,0,0
0,0,0,1,1,0,0,0,1,2,1,0,0,0
0,0,0,0,0,0,0,2,1,2,60,2,82,1
1,0,2,0,0,1,0,0,1,3,1,3,22,0
0,0,1,0,2,0,0,0,0,3,8,3,21,0
0,0,0,0,0,0,0,0,0,0,1,0,0,0
0,0,0,0,0,0,0,0,0,0,0,0,0,0
0,0,1,0,0,0,0,0,0,1,6,0,0,0
18,0,0,0,1,0,0,3,19,4,1,12,779,0
0,0,2,0,4,1,1,0,1,8,1,5,49,1
0,0,0,0,0,0,0,0,0,0,1,0,0,0
3,0,0,0,1,0,1,0,3,2,28,3,45,0
0,0,0,0,0,0,0,0,0,0,7,0,0,0
0,0,1,0,1,0,0,2,1,4,6,2,114,1
1,0,0,0,0,0,0,0,1,0,6,0,0,0
0,0,0,0,1,0,0,0,0,1,1,0,0,0
2,0,1,0,0,0,0,0,2,1,4,1,5,0
1,0,0,0,2,0,0,0,1,2,1,1,4,0
6,0,28,0,15,8,9,10,13,70,124,11,180,5
1,0,0,0,0,0,0,0,1,0,8,0,0,0
9,0,20,0,15,3,0,3,12,41,109,8,74,4
0,0,4,0,1,0,0,0,0,5,1,3,23,1
4,0,21,0,7,1,0,1,4,30,108,9,167,2
0,0,2,0,1,0,0,2,0,5,11,4,66,1
4,0,17,0,21,4,3,4,6,49,50,10,83,1
0,0,1,0,1,0,0,0,0,2,1,0,0,0
0,1,10,0,5,0,1,2,2,19,45,3,400,2
0,0,0,0,0,0,0,0,0,0,3,0,0,0
1,1,0,0,3,0,0,0,1,4,9,0,0,0
0,0,0,0,0,0,0,0,0,0,0,1,4,0
0,0,0,0,0,0,0,1,0,1,1,1,103,0
0,0,2,0,0,0,0,0,0,2,0,0,0,0
2,0,0,0,1,0,0,0,2,1,9,0,0,0
0,0,0,0,0,0,0,0,0,0,0,2,17,0
0,0,0,0,0,0,0,0,0,0,1,1,15,0
2,0,0,0,0,0,0,0,2,0,6,1,19,1
0,1,2,0,1,0,0,0,0,4,0,0,0,0
0,0,1,0,0,0,0,1,1,2,1,0,0,0
0,0,0,0,1,0,0,1,1,2,0,2,82,0
0,0,1,0,0,0,0,0,0,1,1,0,0,0
0,0,0,0,0,1,0,1,1,2,13,2,45,0
0,0,1,0,0,0,0,0,0,1,6,0,0,0
2,0,2,0,0,0,0,0,2,2,26,0,3,0
1,0,0,0,0,1,0,1,1,2,47,2,62,1
1,0,0,0,0,0,0,0,1,0,13,1,24,1
0,0,0,0,0,0,0,0,0,0,1,0,0,0
0,0,0,0,0,0,0,0,0,0,0,0,0,0
1,0,0,0,0,0,0,0,1,0,6,1,49,0
1,0,0,0,0,0,0,1,2,1,21,2,36,1
0,0,0,0,0,1,1,0,0,2,0,1,13,0
0,0,2,0,0,0,0,1,1,3,30,1,62,1
0,0,1,0,1,2,0,0,0,4,1,3,29,1
0,0,0,0,2,0,0,0,0,2,3,3,27,0
0,0,0,0,0,0,0,0,0,0,2,0,0,0
0,0,0,0,2,0,0,1,1,3,15,3,54,1
0,0,2,0,0,0,0,0,0,2,1,0,0,0
0,0,0,0,1,0,0,0,0,1,3,0,0,0
0,0,0,0,0,0,0,1,0,1,4,2,17,0
0,0,2,0,0,0,0,0,0,2,2,0,0,0
0,0,1,0,0,0,0,0,0,1,1,0,0,0
1,0,0,0,3,0,0,0,1,3,4,0,0,0
3,1,21,0,17,4,2,3,5,48,65,10,183,4
2,0,14,0,7,1,1,3,5,26,45,5,100,3
0,0,1,0,3,1,0,1,1,6,3,3,20,0
0,0,0,0,0,0,0,0,0,0,0,0,0,0
1,0,2,0,0,0,0,0,1,2,12,1,13,0
0,0,1,0,1,1,0,0,0,3,0,2,18,1
1,0,0,0,0,0,0,0,1,0,3,0,0,0
0,0,0,0,1,0,0,0,0,1,0,2,30,0
1,0,0,0,0,0,0,0,1,0,0,0,0,0
1,0,2,0,3,1,0,1,2,7,12,5,89,1
0,0,1,0,1,1,0,0,0,3,1,1,8,0
0,0,0,0,1,0,0,0,0,1,0,0,3,0
0,0,0,0,0,0,0,0,0,0,2,0,0,0
0,0,1,0,0,0,0,0,0,1,0,2,14,0
1,0,0,0,0,0,0,1,2,1,66,2,144,0
0,0,1,0,0,0,0,0,0,1,0,1,8,0
2,0,0,0,1,0,0,1,2,2,108,3,218,0
1,0,0,0,0,0,0,0,1,0,20,1,24,0
1,0,0,0,0,0,0,0,1,0,6,0,0,0
1,0,0,0,0,0,0,2,2,2,61,1,164,0
0,0,0,0,0,0,0,0,0,0,0,0,0,0
0,0,3,0,1,0,0,0,0,4,0,2,18,0
0,0,1,0,0,0,0,0,0,1,0,0,0,0
0,0,1,0,0,0,0,0,0,1,2,0,0,0
0,0,0,0,0,0,0,1,0,1,2,2,11,0
0,0,0,0,1,0,0,0,0,1,0,1,5,0
1,0,1,0,0,0,0,0,1,1,9,0,0,0
2,0,19,0,5,0,2,0,3,26,31,13,117,6
0,0,1,0,0,0,0,0,0,1,0,0,2,0
2,1,15,0,9,4,1,2,3,32,41,18,198,3
3,0,12,0,4,0,1,0,3,17,48,14,143,1
0,0,1,0,0,0,0,0,0,1,4,1,4,0
0,0,1,0,0,0,0,0,0,1,1,0,0,0
1,0,0,0,0,0,0,0,1,0,0,0,0,0
0,0,0,0,0,0,0,0,0,0,1,2,57,0
0,0,0,0,0,0,0,0,0,0,2,2,18,0
1,0,0,0,0,0,0,0,1,0,2,0,0,0
0,0,0,0,0,0,0,1,1,1,0,1,12,0
0,0,0,0,0,1,0,0,0,1,1,1,50,0
0,0,2,0,1,0,0,0,0,3,2,3,21,1
0,0,1,0,0,0,0,0,0,1,0,1,7,0
0,0,0,0,1,0,0,1,1,2,23,2,49,0
0,0,2,0,1,1,0,0,0,4,3,1,11,1
1,0,1,0,0,0,0,0,1,1,12,1,6,0
0,0,1,0,0,0,0,0,0,1,1,0,0,0
0,0,0,0,0,0,0,2,0,2,1,1,6,0
1,0,0,0,0,0,0,0,1,0,6,1,20,0
0,0,0,0,0,0,0,0,0,0,2,0,0,0
0,0,0,0,0,0,0,1,1,1,13,1,21,0
0,0,0,0,2,0,0,1,0,3,4,1,10,0
0,0,1,0,0,0,0,0,0,1,1,0,0,0
1,0,0,0,2,1,0,0,1,3,6,2,24,2
0,0,0,0,2,0,0,0,0,2,1,1,9,0
0,1,1,0,0,0,0,2,1,4,58,2,116,0
0,0,1,0,2,1,0,1,1,5,0,3,20,0
0,0,0,0,0,0,0,0,0,0,0,0,0,0
0,0,0,0,0,0,0,1,1,1,25,1,42,0
1,0,0,0,0,0,0,0,1,0,6,0,0,0
1,0,0,0,2,0,0,0,1,2,10,1,8,0
1,0,2,0,1,0,0,0,1,3,15,0,3,0
0,0,1,0,0,0,0,1,1,2,5,1,36,0
0,0,1,0,0,0,0,0,0,1,1,0,0,0
0,0,1,0,1,0,0,0,0,2,1,0,0,0
0,0,0,0,0,1,0,0,0,1,4,1,10,1
1,0,0,0,1,0,0,0,1,1,9,1,5,0
0,0,2,0,1,0,0,0,0,3,2,1,10,0
1,0,0,0,2,0,0,0,1,2,5,1,5,0
1,0,0,0,0,0,0,0,1,0,14,0,0,0
2,0,1,0,0,0,0,0,2,1,36,1,28,1
0,0,3,0,0,1,0,0,0,4,1,11,102,2
0,0,0,0,0,1,0,0,1,1,1,0,0,0
0,0,0,0,0,0,0,0,0,0,0,1,8,0
1,0,1,0,2,1,0,3,1,7,35,5,124,1
1,0,1,0,1,0,0,0,1,2,12,2,27,1
1,0,0,0,0,1,0,1,2,2,18,2,55,0
0,0,1,0,0,0,0,0,0,1,1,1,8,1
1,0,0,0,1,0,0,0,1,1,4,0,0,0
0,0,2,0,1,0,0,1,1,4,1,2,24,0
2,0,1,0,1,0,0,0,2,2,2,2,16,0
1,0,0,0,0,0,0,0,1,0,3,0,0,0
1,0,1,0,2,0,0,0,1,3,14,2,15,0
0,0,0,0,0,0,0,0,0,0,1,0,0,0
0,0,3,0,2,0,0,1,1,6,5,0,2,0
0,0,1,0,0,0,0,0,0,1,1,0,0,0
1,0,4,0,1,0,0,0,1,5,16,4,31,0
1,0,0,0,0,1,0,0,1,1,8,1,10,1
0,0,1,0,0,0,0,0,0,1,1,2,87,0
0,0,0,0,0,0,0,0,0,0,1,0,0,0
0,0,0,0,1,0,0,1,1,2,1,1,10,0
0,0,3,0,0,0,0,1,0,4,1,0,2,0
0,0,0,0,0,0,0,0,0,0,1,0,0,0
1,0,1,0,3,0,0,1,2,5,20,4,54,0
0,0,0,0,2,0,0,0,0,2,4,1,8,0
1,0,2,0,0,0,0,1,2,3,14,2,35,1
1,0,0,0,0,0,0,0,1,0,1,0,0,0
1,0,1,0,0,0,0,0,1,1,4,0,0,0
0,0,1,0,2,4,0,2,2,9,3,0,6,0
1,0,0,0,0,1,0,0,1,1,1,1,12,0
0,0,0,0,0,0,0,0,0,0,1,0,0,0
2,0,0,0,1,0,0,0,2,1,1,1,10,1
0,0,2,0,0,0,0,0,0,2,2,0,0,0
1,0,0,0,0,0,0,0,1,0,4,0,0,0
1,0,1,0,0,0,0,0,1,1,10,0,0,0
1,0,0,0,0,0,0,0,1,0,9,1,4,1
1,0,0,0,0,0,0,0,1,0,5,1,18,0
0,0,0,0,0,0,0,0,0,0,1,0,0,0
2,0,0,0,3,0,0,0,2,3,13,1,9,0
1,0,0,0,1,0,1,0,1,2,18,2,20,0
0,0,1,0,0,0,0,0,0,1,2,0,0,0
0,0,1,0,1,0,0,3,2,5,117,4,152,3
0,0,1,0,0,0,1,0,1,2,10,1,17,1
0,0,1,0,1,0,0,0,0,2,2,1,12,0
2,0,3,0,0,0,0,0,2,3,6,0,3,0
0,1,0,0,0,0,0,1,1,2,33,1,48,1
0,0,1,0,1,0,0,0,0,2,2,2,11,0
0,0,0,0,0,1,0,0,0,1,1,7,65,0
0,0,1,0,3,0,0,0,0,4,1,4,39,1
1,0,0,0,3,2,0,0,1,5,2,0,0,0
0,0,1,0,0,0,0,0,0,1,1,0,0,0
0,0,0,0,0,0,0,0,0,0,3,0,0,0
1,0,1,1,13,6,4,1,3,26,1,8,68,2
1,0,2,0,1,0,0,0,1,3,2,2,16,0
1,0,2,0,0,0,0,1,2,3,53,3,97,0
1,0,0,0,0,0,0,0,1,0,1,0,0,0
0,0,1,0,0,0,0,0,0,1,1,0,0,0
0,0,1,0,2,0,0,0,0,3,1,1,15,0
1,0,2,0,0,1,0,1,2,4,4,0,2,0
1,0,1,0,2,1,0,0,1,4,6,3,135,0
0,0,0,0,1,0,0,0,0,1,1,1,9,1
0,0,0,0,0,1,0,0,0,1,4,1,4,0
4,0,1,0,1,0,1,3,5,6,49,8,209,2
1,0,1,0,0,0,0,0,1,1,5,2,18,0
0,0,0,0,0,0,0,0,0,0,1,0,0,0
3,0,0,0,1,0,0,0,3,1,27,1,51,0
0,0,0,0,1,0,0,1,0,2,3,2,323,0
0,0,0,0,1,0,0,0,0,1,1,2,17,0
0,0,1,0,1,0,0,0,0,2,8,0,0,0
0,0,5,0,0,0,0,1,1,6,13,1,20,0
0,0,2,0,0,0,0,0,0,2,2,0,0,0
0,0,2,0,1,1,0,0,0,4,4,0,0,0
1,0,2,0,0,0,0,0,1,2,5,0,0,0
0,0,0,0,0,0,0,0,0,0,2,0,0,0
0,0,0,0,0,0,0,0,0,0,1,1,6,0
0,0,2,0,6,6,1,1,1,16,1,10,95,0
0,0,0,0,1,0,0,0,0,1,1,0,0,0
0,0,1,0,0,0,0,0,0,1,4,0,0,0
0,0,0,0,0,0,0,0,0,0,1,0,0,0
0,0,0,0,0,0,0,0,0,0,1,0,0,0
1,0,1,0,0,0,0,0,1,1,1,0,0,0
0,0,2,0,0,0,0,0,0,2,1,2,15,0
1,0,0,0,1,0,0,1,2,2,29,2,29,2
1,0,2,0,0,0,0,0,1,2,5,5,32,0
0,0,0,0,0,0,0,0,0,0,1,0,0,0
0,0,0,0,0,0,0,0,0,0,1,0,0,0
3,0,1,0,0,0,0,0,3,1,18,2,22,1
0,0,1,0,0,0,0,1,1,2,1,0,0,0
0,0,1,0,1,1,0,0,0,3,1,3,28,0
0,0,2,0,0,0,1,0,0,3,3,1,21,0
0,0,0,0,1,0,0,0,0,1,1,3,53,0
1,0,0,0,0,1,0,0,1,1,9,1,8,0
0,0,1,0,0,0,0,0,0,1,1,0,0,0
3,0,1,0,1,0,0,0,3,2,19,2,17,1
0,0,1,0,1,1,0,3,1,6,5,1,7,1
1,0,2,0,0,1,0,0,1,3,5,0,0,0
1,0,0,0,0,0,0,0,1,0,1,0,0,0
0,0,4,0,2,1,0,0,0,7,1,6,156,0
0,0,0,0,1,0,0,0,0,1,1,1,7,0
0,0,0,0,0,0,0,0,0,0,1,0,0,0
1,0,0,0,0,0,0,0,1,0,1,0,3,0
0,0,0,0,1,0,0,0,0,1,1,0,4,0
1,0,0,0,0,0,0,2,2,2,43,3,107,1
2,0,0,0,0,0,0,0,2,0,51,0,0,0
0,0,0,0,1,0,0,0,0,1,1,0,0,0
0,0,0,0,1,0,0,0,0,1,1,0,0,0
0,0,2,0,1,0,0,0,0,3,11,0,0,0
0,0,2,0,2,1,0,0,0,5,3,3,63,0
2,0,0,0,1,0,0,1,3,2,4,0,3,0
0,0,1,0,0,0,0,0,0,1,1,2,16,0
1,0,0,0,1,2,0,0,2,3,4,1,13,0
0,0,0,0,1,0,0,0,0,1,1,1,15,1
1,0,0,0,2,0,0,1,2,3,6,1,7,0
2,0,2,0,1,0,0,0,2,3,8,3,36,0
0,0,0,0,1,0,0,0,0,1,8,1,9,0
1,0,0,0,0,0,0,0,1,0,6,2,13,0
0,0,1,0,1,1,0,0,0,3,1,1,11,0
0,0,0,0,0,0,0,0,0,0,1,0,0,0
1,0,1,0,0,0,0,1,2,2,42,1,45,1
0,0,4,0,1,1,1,0,1,7,6,4,31,1
1,0,0,0,1,0,0,0,1,1,1,1,13,0
0,0,0,0,0,1,0,2,2,3,23,3,58,0
1,0,0,0,0,0,0,0,1,0,1,0,0,0
1,0,3,0,5,3,1,6,6,18,37,7,113,1
3,0,1,0,0,0,0,0,3,1,14,1,5,0
0,0,4,0,1,1,0,0,0,6,2,0,0,0
1,0,2,0,0,1,2,1,3,6,30,3,51,1
1,0,3,0,4,0,1,2,3,10,29,4,54,2
1,0,1,0,0,0,1,0,1,2,3,6,74,1
0,0,0,0,0,0,0,0,0,0,0,0,0,0
0,0,0,0,0,0,1,0,0,1,1,0,0,0
0,0,2,0,0,1,0,0,0,3,8,1,11,0
0,0,2,0,1,1,0,3,2,7,8,1,7,0
0,0,0,0,0,0,0,0,0,0,1,0,0,0
0,0,1,0,2,0,0,0,0,3,1,0,5,0
0,0,0,0,0,0,0,1,1,1,43,1,28,0
0,0,0,0,1,0,1,0,0,2,1,2,20,0
1,0,0,0,0,0,0,0,1,0,3,2,9,0
1,0,1,0,0,0,0,0,1,1,6,2,11,0
1,0,1,0,0,1,0,1,2,3,6,1,7,0
0,0,0,0,0,0,0,0,0,0,6,2,15,0
0,0,1,0,0,0,0,0,0,1,1,0,0,0
0,0,0,0,1,2,0,0,1,3,5,0,2,0
1,0,0,0,1,0,0,0,1,1,12,2,9,0
1,0,2,0,0,0,0,0,1,2,4,0,0,0
0,0,0,0,0,0,0,1,1,1,14,1,29,1
0,0,0,0,0,0,0,0,0,0,1,0,0,0
1,0,3,0,0,0,1,1,2,5,27,5,67,0
0,0,1,0,1,0,0,0,0,2,8,0,0,0
0,0,0,0,1,0,0,0,0,1,3,1,9,0
1,0,0,0,0,0,0,0,1,0,6,0,0,0
1,0,3,0,0,0,0,1,2,4,11,1,19,0
0,0,0,0,1,0,0,1,1,2,21,2,49,1
1,0,0,0,0,0,0,0,1,0,2,0,0,0
0,0,0,0,0,0,0,0,0,0,2,0,0,0
1,0,0,0,0,0,0,0,1,0,8,2,51,0
0,0,2,0,2,0,0,0,0,4,1,1,13,0
0,0,0,0,0,0,0,0,0,0,2,0,0,0
0,0,0,0,0,0,0,0,0,0,4,1,9,0
0,0,2,0,0,1,0,0,0,3,2,0,0,0
0,0,0,0,0,0,0,1,1,1,3,1,52,0
1,0,1,0,1,0,0,1,1,3,43,1,54,0
1,0,0,0,0,0,0,1,2,1,8,3,237,1
0,0,0,0,1,0,0,0,0,1,1,0,0,0
0,0,2,0,0,0,0,0,0,2,5,2,18,1
0,0,0,0,1,2,0,2,0,5,46,6,105,0
0,0,0,0,0,0,0,0,0,0,1,0,0,0
1,0,1,0,1,1,0,0,1,3,6,1,4,0
2,0,1,0,1,0,1,2,5,5,37,1,17,0
1,0,0,0,0,0,0,0,1,0,9,0,0,0
1,0,2,0,0,0,1,0,1,3,13,1,10,0
1,0,0,0,0,0,0,0,1,0,10,1,14,1
0,0,0,0,0,0,0,0,0,0,0,0,0,0
1,0,0,0,0,0,0,0,1,0,11,0,0,0
1,0,0,0,1,0,0,0,1,1,9,3,39,1
0,0,0,0,0,0,0,2,1,2,93,2,151,0
0,0,0,0,0,0,0,0,0,0,2,0,0,0
0,0,0,0,1,1,0,0,0,2,1,2,17,0
0,0,1,0,0,0,0,0,0,1,1,0,0,0
2,0,1,0,0,0,0,0,2,1,14,7,128,0
2,0,0,0,0,0,0,0,2,0,10,0,0,0
0,0,0,0,0,0,0,0,0,0,1,0,0,0
5,0,4,0,1,0,0,0,5,5,27,2,39,0
0,0,1,0,1,1,0,0,0,3,1,2,16,0
3,0,1,0,0,3,2,0,4,6,26,0,0,0
1,0,1,0,0,1,0,0,1,2,12,2,29,0
0,0,0,0,1,0,0,0,0,1,1,0,2,0
0,0,1,0,1,3,0,3,2,7,7,3,29,0
0,0,4,0,1,0,0,1,0,6,43,7,109,1
7,0,2,0,0,2,0,0,8,4,14,4,77,0
5,0,8,0,8,0,1,6,11,23,181,10,4660,7
7,0,3,0,6,2,0,1,7,12,31,7,60,4
0,0,0,0,0,0,0,0,0,0,8,0,0,0
2,1,3,0,2,0,0,1,3,7,48,2,52,0
9,0,3,0,7,5,3,5,13,23,102,9,127,5
4,0,3,0,0,0,0,0,4,3,37,2,12,1
1,0,0,0,0,0,0,0,1,0,3,0,0,0
6,0,6,0,3,1,0,1,7,11,65,8,112,4
7,0,1,0,3,9,0,6,13,19,67,6,133,2
0,0,0,0,0,0,0,0,0,0,3,0,0,0
2,0,3,0,0,0,0,0,2,3,28,0,0,0
4,0,2,0,4,6,2,6,5,20,101,4,239,1
6,1,4,0,3,0,0,1,7,9,55,2,40,1
0,0,2,0,1,0,1,1,2,5,1,2,55,2
6,0,10,0,5,1,0,0,6,16,40,8,72,0
5,0,6,0,3,0,0,1,6,10,55,4,31,2
6,0,1,0,5,0,0,0,6,6,32,4,30,1
0,0,0,0,0,0,0,0,0,0,3,0,0,0
9,0,3,0,3,0,2,2,10,10,96,9,171,5
0,0,6,0,6,0,0,0,0,12,9,3,20,0
3,0,1,0,0,0,0,1,3,2,216,1,125,0
4,0,3,0,3,12,0,4,7,21,89,10,146,2
3,0,7,0,5,1,1,3,5,17,53,9,275,1
4,0,2,0,4,10,0,3,6,18,59,7,109,2
1,0,0,0,0,0,0,1,2,1,5,0,0,0
0,0,1,0,1,0,0,0,0,2,2,4,227,0
0,0,0,0,0,0,0,0,0,0,6,1,4,0
1,0,0,0,0,0,0,0,1,0,38,3,87,0
2,0,0,0,5,0,0,6,5,11,44,5,69,1
1,0,1,0,0,0,0,0,1,1,1,0,0,0
2,0,5,0,1,0,0,1,2,7,9,0,0,0
0,0,1,0,0,0,0,0,0,1,4,0,0,0
0,0,0,0,0,3,0,0,0,3,1,0,0,0
1,0,3,0,2,4,1,1,3,11,14,3,33,2
0,1,2,0,0,0,0,0,0,3,1,2,18,0
0,0,0,0,0,0,0,1,0,1,2,0,0,0
1,0,4,0,12,3,1,2,3,22,46,3,50,1
0,0,3,0,2,0,0,0,0,5,7,2,35,0
1,0,0,0,2,2,0,0,1,4,7,2,16,0
1,0,2,0,2,2,1,0,3,7,1,2,10,0
1,0,0,0,1,0,0,0,1,1,1,1,8,0
0,0,0,0,0,0,0,0,0,0,1,0,0,0
0,0,0,0,0,0,0,1,1,1,3,1,10,1
0,0,1,0,0,0,0,0,0,1,1,0,0,0
0,0,0,0,2,2,0,3,2,7,1,0,0,0
2,0,0,0,0,0,0,0,2,0,4,1,31,0
0,0,1,0,1,0,0,0,0,2,3,0,0,0
1,0,0,0,0,0,0,0,1,0,4,0,0,0
1,0,2,0,1,1,1,0,1,5,10,4,52,1
0,0,0,0,1,0,0,1,1,2,24,2,44,2
1,0,0,0,0,0,0,1,1,1,210,1,189,0
1,0,0,0,1,0,0,0,1,1,11,3,88,1
0,0,0,0,0,0,0,0,0,0,1,0,0,0
0,0,1,0,0,0,0,0,0,1,0,0,0,0
1,0,0,0,0,0,0,0,1,0,33,1,46,0
0,0,1,0,0,0,0,0,0,1,2,1,12,0
0,0,0,0,0,0,0,0,0,0,0,0,0,0
1,0,0,0,1,0,0,0,1,1,3,0,0,0
0,0,0,0,0,0,0,0,0,0,1,0,2,0
0,0,0,0,2,0,1,0,0,3,8,1,15,1
0,0,1,0,0,0,0,1,1,2,3,0,0,0
1,0,2,0,0,0,0,0,1,2,8,0,0,0
0,0,0,0,0,2,0,2,0,4,4,1,7,0
1,0,1,0,0,1,0,0,1,2,20,0,0,0
3,0,0,0,1,0,0,0,3,1,15,0,0,0
0,0,0,0,0,0,0,0,0,0,1,0,0,0
1,0,2,0,0,1,0,0,1,3,13,0,3,0
0,0,0,0,2,0,0,1,1,3,19,3,55,0
1,0,0,0,0,0,0,0,1,0,15,1,6,1
0,0,3,0,1,0,0,0,0,4,3,1,8,0
0,0,0,0,0,2,0,0,0,2,3,0,0,0
0,0,0,0,1,0,0,0,0,1,3,0,0,0
0,0,0,0,1,2,0,0,0,3,0,1,8,0
0,0,3,0,2,0,0,0,0,5,6,0,4,0
0,0,1,0,1,1,0,1,1,4,1,0,0,0
1,0,0,0,0,0,0,0,1,0,10,0,0,0
0,0,2,0,0,0,0,1,0,3,21,1,39,0
0,0,0,0,0,0,0,1,0,1,1,1,50,0
0,0,1,0,0,0,0,1,1,2,37,1,49,0
0,0,0,0,1,0,0,0,0,1,0,0,0,0
2,0,0,0,1,0,0,0,2,1,9,0,0,0
0,0,1,0,1,2,0,1,1,5,1,2,14,0
0,0,0,0,2,0,0,0,0,2,1,0,0,0
1,0,0,0,0,0,0,1,1,1,1,2,28,0
2,0,0,0,0,0,0,0,2,0,12,0,0,0
1,0,0,0,0,0,0,1,2,1,16,2,32,2
0,0,1,0,0,0,0,0,0,1,0,1,4,0
1,0,0,0,0,2,0,2,1,4,5,2,12,0
0,0,0,0,0,0,0,0,0,0,1,0,0,0
0,0,2,0,1,0,0,0,0,3,0,1,10,0
1,0,2,0,1,0,0,0,1,3,56,0,0,0
0,0,1,0,2,1,0,1,1,5,1,1,28,0
0,0,0,0,0,0,0,0,0,0,1,0,0,0
0,0,0,0,1,0,0,0,0,1,1,0,0,0
0,0,0,0,0,1,0,1,1,2,22,2,42,1
0,0,1,0,0,0,0,0,0,1,1,1,5,0
0,0,0,0,0,1,0,0,0,1,18,1,5,0
0,0,0,0,0,0,0,0,0,0,8,0,0,0
0,0,1,0,1,0,0,0,0,2,0,0,0,0
0,0,1,0,1,0,0,0,0,2,0,0,2,0
0,0,0,0,0,0,0,0,0,0,3,1,4,0
1,0,0,0,0,1,0,4,2,5,11,1,24,1
1,0,0,0,0,1,0,1,2,2,26,2,46,1
1,0,0,0,0,0,0,0,1,0,0,1,9,0
0,0,1,0,1,0,0,0,0,2,1,1,9,0
0,0,1,0,0,1,0,2,1,4,4,4,39,2
0,0,0,0,2,2,0,1,1,5,17,5,53,2
1,0,1,0,0,0,0,1,1,2,12,0,0,0
5,0,0,0,0,0,0,0,5,0,3,2,110,0
0,0,0,0,2,1,0,0,0,3,42,3,45,2
1,0,0,0,0,0,0,0,1,0,14,1,8,1
0,0,0,0,1,0,0,0,0,1,1,0,0,0
1,0,0,0,0,2,1,3,4,6,15,3,67,2
1,0,3,0,0,0,0,0,1,3,15,1,20,0
0,0,6,0,0,0,0,0,0,6,0,1,10,0
1,0,0,0,0,0,0,0,1,0,5,0,0,0
0,0,0,0,1,0,0,0,0,1,2,0,0,0
2,0,1,0,1,0,0,1,3,3,22,2,34,1
0,0,2,0,0,0,0,0,0,2,6,0,0,0
1,0,3,0,0,0,0,0,1,3,8,0,0,0
0,0,1,0,1,0,0,0,0,2,4,1,9,0
0,0,2,0,0,0,0,0,0,2,0,0,0,0
0,0,0,0,0,0,0,0,0,0,2,1,10,0
0,0,0,0,0,0,0,0,0,0,1,0,0,0
0,0,0,0,1,0,0,0,0,1,1,2,12,0
0,0,0,0,1,0,0,0,0,1,2,1,11,0
3,0,0,0,1,0,0,0,3,1,17,3,28,1
0,0,0,0,0,0,0,0,0,0,4,0,3,0
2,0,0,0,2,0,0,0,2,2,7,2,20,0
1,0,0,0,0,0,0,0,1,0,16,1,15,0
0,0,2,0,1,1,0,0,1,4,4,2,14,0
0,0,0,0,0,0,0,0,0,0,1,0,0,0
0,0,0,0,0,0,0,0,0,0,1,0,0,0
0,0,0,0,2,0,0,0,0,2,1,4,39,0
0,0,0,0,0,0,0,1,1,1,4,1,39,0
1,0,0,0,1,0,0,0,1,1,6,1,8,0
0,0,0,0,0,0,0,0,0,0,1,0,0,0
0,0,0,0,0,0,0,0,0,0,1,0,0,0
1,0,2,0,1,0,0,2,2,5,72,6,158,2
3,0,0,0,0,0,0,0,3,0,23,0,0,0
1,0,0,0,0,1,0,0,1,1,1,0,0,0
0,0,0,0,0,0,0,1,1,1,3,0,0,0
0,0,1,0,0,1,0,0,0,2,1,0,2,0
2,0,0,0,1,1,0,0,2,2,4,0,0,0
1,0,2,0,2,0,0,0,1,4,11,2,18,1
1,0,0,0,0,0,0,1,2,1,6,2,97,0
0,0,1,0,2,0,0,1,1,4,18,3,45,1
1,0,3,0,0,0,0,0,1,3,10,2,13,0
0,0,1,0,0,0,0,0,0,1,1,2,14,0
0,0,0,0,0,0,0,0,0,0,12,0,0,0
1,0,1,0,0,0,0,0,1,1,1,0,0,0
1,0,0,0,0,0,0,0,1,0,1,1,17,1
0,0,0,0,0,0,0,0,0,0,1,0,0,0
1,0,0,0,0,0,0,1,2,1,18,1,12,0
0,0,1,0,0,0,0,0,0,1,1,0,0,0
0,0,0,0,0,0,0,0,0,0,1,0,0,0
0,0,1,0,1,0,0,0,0,2,1,0,0,0
0,0,0,0,0,0,0,0,0,0,9,0,0,0
0,0,0,0,1,0,0,0,0,1,1,10,60,1
0,0,0,0,1,0,0,0,0,1,1,0,0,0
0,0,0,0,2,1,1,0,1,4,15,2,29,1
0,0,0,0,1,0,0,0,0,1,3,1,9,0
0,0,0,0,0,0,0,1,1,1,13,1,25,0
1,0,0,0,0,0,0,0,1,0,19,5,91,2
0,0,0,0,1,0,0,0,0,1,1,1,6,0
1,0,2,0,4,0,0,0,1,6,2,1,4,0
0,0,0,0,0,0,0,1,0,1,1,0,0,0
0,0,0,0,1,0,0,0,0,1,1,0,0,0
1,0,1,0,0,0,0,0,1,1,5,0,0,0
0,0,0,0,0,0,0,1,0,1,2,1,5,0
0,0,1,0,0,1,0,0,0,2,2,2,20,1
1,0,18,0,1,0,0,1,1,20,82,2,158,1
0,0,0,0,0,1,0,1,1,2,1,0,0,0
0,0,2,0,0,0,0,0,0,2,1,0,0,0
2,0,0,0,0,0,0,0,2,0,10,0,0,0
0,0,0,0,0,0,0,1,1,1,29,1,52,1
0,0,0,0,0,0,0,1,1,1,20,1,39,0
0,0,0,0,0,0,0,0,0,0,1,0,0,0
0,0,1,0,0,0,0,0,0,1,1,0,0,0
0,0,0,0,0,0,0,1,1,1,6,1,15,1
0,0,1,0,0,0,0,0,0,1,1,0,0,0
0,0,0,0,0,0,0,1,1,1,31,1,74,0
0,0,1,0,0,0,0,0,0,1,6,1,8,0
1,0,0,0,0,0,0,0,1,0,15,0,0,0
0,0,0,0,1,0,0,0,0,1,1,0,0,0
0,0,4,0,0,0,1,0,1,5,14,5,45,1
1,0,1,0,1,0,0,0,1,2,5,0,0,0
0,0,1,0,1,0,1,0,0,3,74,4,33,3
0,0,0,0,0,0,0,0,0,0,4,0,0,0
0,0,1,0,0,0,0,0,0,1,1,2,19,1
2,0,1,0,0,0,0,0,2,1,33,2,34,0
0,0,1,0,0,0,0,0,0,1,1,0,2,0
0,0,2,0,0,0,0,0,0,2,5,1,10,0
0,0,0,0,0,0,0,0,0,0,1,0,0,0
2,0,1,0,0,0,0,0,2,1,1,0,0,0
0,0,1,0,0,1,0,0,0,2,3,1,10,0
0,0,1,0,1,0,0,0,0,2,1,1,7,0
2,0,0,0,0,2,0,1,2,3,40,2,52,1
1,0,0,0,0,0,0,0,1,0,6,0,0,0
0,0,0,0,0,0,0,0,0,0,2,0,0,0
1,0,1,0,0,0,0,0,1,1,11,0,0,0
1,0,0,0,0,0,0,0,1,0,2,0,0,0
0,0,0,0,0,0,0,0,0,0,1,0,0,0
0,0,0,0,0,0,0,1,1,1,21,1,35,0
0,0,0,0,0,0,0,0,0,0,3,0,0,0
0,0,7,0,8,2,2,1,1,20,15,12,109,0
0,0,0,0,0,1,0,0,0,1,3,0,0,0
0,0,0,0,0,0,0,0,0,0,1,0,0,0
0,0,0,0,0,1,0,2,1,3,61,3,96,1
0,0,0,0,1,0,0,1,1,2,1,0,0,0
2,0,1,0,0,0,0,0,2,1,13,0,0,0
1,0,0,0,0,0,0,1,2,1,19,2,42,1
0,0,0,0,0,0,0,0,0,0,1,0,0,0
0,0,1,0,0,0,0,1,1,2,1,1,31,0
1,0,0,0,0,0,0,1,1,1,13,2,22,2
0,0,8,0,3,0,1,0,0,12,2,1,10,0
1,0,0,0,0,1,0,0,1,1,124,1,76,0
1,0,1,0,0,0,0,0,1,1,12,1,26,0
0,0,1,0,0,0,0,1,1,2,17,1,21,0
0,0,0,0,1,2,0,0,0,3,2,2,10,0
1,0,1,0,0,0,0,1,2,2,1,1,29,0
0,0,0,0,0,2,0,0,2,2,1,2,19,0
0,0,1,0,0,0,0,0,0,1,1,1,7,0
1,0,1,0,0,0,0,2,2,3,12,2,39,2
0,0,0,0,0,0,0,0,0,0,1,0,0,0
1,0,0,0,0,0,0,0,1,0,5,4,32,0
0,0,0,0,0,0,0,0,0,0,1,0,0,0
0,0,0,0,4,0,0,1,1,5,29,4,67,0
0,0,0,0,0,0,0,1,1,1,12,1,57,0
0,0,1,0,0,0,0,2,1,3,47,2,77,0
0,0,0,0,0,0,0,0,0,0,2,1,13,1
0,0,0,0,1,0,0,0,0,1,1,1,7,0
1,0,0,0,0,0,0,0,1,0,5,0,0,0
0,0,0,0,0,0,0,0,0,0,1,0,0,0
1,0,0,0,0,1,0,1,2,2,4,3,21,1
0,0,1,0,0,0,0,0,0,1,1,0,0,0
0,0,2,0,0,0,0,2,0,4,135,3,192,0
0,0,1,0,1,1,1,0,0,4,1,9,157,1
0,0,2,0,0,0,0,0,0,2,1,0,0,0
1,0,1,0,0,0,0,1,2,2,20,1,11,1
0,0,1,0,1,0,0,0,0,2,4,0,0,0
0,0,0,0,0,0,0,0,0,0,1,1,12,0
1,0,0,0,1,0,0,0,1,1,4,0,0,0
0,0,1,0,0,0,0,0,0,1,1,0,0,0
3,0,0,0,0,1,0,0,3,1,1,2,63,0
0,0,2,0,0,0,0,0,0,2,19,0,2,0
1,0,3,0,0,0,0,0,1,3,7,0,0,0
0,0,0,0,1,0,0,0,0,1,1,1,8,0
0,0,0,0,0,0,0,0,0,0,1,0,0,0
2,0,1,0,1,0,1,1,4,4,49,4,33,4
0,0,1,0,0,0,0,0,0,1,1,0,0,0
1,0,0,0,0,0,0,1,2,1,1,0,0,0
0,0,0,0,0,0,0,1,1,1,1,0,0,0
2,0,1,0,0,1,0,1,3,3,36,2,47,0
1,0,0,0,0,0,0,0,1,0,4,0,0,0
0,0,0,0,2,0,0,0,0,2,1,1,7,0
0,0,1,0,0,0,0,0,0,1,2,0,0,0
0,0,0,0,2,0,0,1,1,3,9,3,37,0
0,0,0,0,0,0,0,1,1,1,13,2,28,1
1,0,0,0,0,0,0,1,1,1,58,1,85,0
0,0,0,0,0,0,0,0,0,0,2,0,0,0
0,0,3,0,2,0,0,0,0,5,2,1,9,0
0,1,0,0,0,0,0,0,0,1,3,0,0,0
2,0,0,0,0,0,0,0,2,0,14,0,0,0
1,0,1,0,0,0,0,1,2,2,34,1,32,1
0,0,1,0,0,1,0,0,1,2,1,1,8,1
0,0,0,0,1,0,0,0,0,1,2,0,2,0
1,0,0,0,0,0,0,0,1,0,8,0,0,0
2,0,1,0,2,0,0,2,3,5,32,4,46,0
0,0,0,0,0,0,0,0,0,0,1,0,0,0
0,0,2,0,0,0,0,0,0,2,1,1,7,0
0,0,0,0,0,0,0,0,0,0,3,0,0,0
0,0,2,0,0,0,0,0,0,2,1,3,22,0
0,0,0,0,1,0,1,1,1,3,2,3,76,1
0,0,0,0,0,0,0,0,0,0,4,0,0,0
1,0,0,0,0,0,1,0,2,1,15,1,19,1
0,0,0,0,0,1,0,0,0,1,1,1,9,0
1,0,1,0,1,0,0,0,1,2,9,0,2,0
0,0,0,0,0,0,0,0,0,0,1,1,9,0
0,1,1,0,0,0,0,1,0,3,1,0,3,0
2,0,1,0,0,2,1,0,2,4,5,3,29,0
3,0,0,0,1,0,0,1,3,2,7,1,9,0
0,0,1,0,1,1,4,1,5,8,31,4,45,0
0,0,0,0,0,1,0,1,1,2,1,1,8,0
0,0,2,0,4,1,0,7,4,14,1,11,475,0
1,0,0,0,1,0,0,0,1,1,22,0,2,0
2,0,0,0,0,2,0,1,3,3,83,2,146,0
3,0,0,0,0,0,0,0,3,0,30,1,7,1
9,0,23,0,11,6,0,9,12,49,80,11,181,4
0,0,0,0,0,0,0,0,0,0,1,1,6,0
1,0,0,0,0,0,0,1,1,1,44,2,140,0
0,0,1,0,1,0,0,0,0,2,5,0,0,0
0,0,3,0,1,0,0,1,1,5,3,1,33,0
0,0,0,0,2,2,0,1,0,5,62,7,93,5
0,0,0,0,0,0,0,0,0,0,1,0,0,0
0,0,0,0,0,2,0,1,1,3,7,2,16,0
2,0,1,0,0,0,0,1,2,2,11,2,115,0
0,0,1,0,0,0,0,0,0,1,3,0,0,0
0,0,0,0,0,0,0,0,0,0,1,0,0,0
8,1,27,0,13,1,4,7,11,53,129,15,235,6
0,0,0,0,0,0,0,0,0,0,2,0,0,0
0,0,0,0,0,0,1,0,0,1,1,1,22,1
0,0,0,0,0,0,0,1,1,1,17,1,28,1
0,0,2,0,2,0,0,0,0,4,1,1,5,0
1,0,10,0,1,0,0,0,1,11,14,8,74,0
0,0,1,0,0,0,0,0,0,1,1,0,0,0
0,0,4,0,1,0,0,0,0,5,1,0,0,0
1,0,3,0,2,0,0,0,1,5,1,1,6,0
1,0,0,0,0,0,0,0,1,0,14,2,14,0
1,0,0,0,0,0,0,0,1,0,2,0,0,0
1,0,0,0,0,0,0,2,3,2,36,2,46,0
1,0,0,0,0,0,0,0,1,0,3,0,0,0
0,0,0,0,0,0,0,0,0,0,57,0,0,0
0,0,1,0,1,0,0,1,1,3,1,2,42,0
0,0,1,0,1,0,0,0,0,2,2,0,3,0
0,0,0,0,0,0,0,0,0,0,1,0,0,0
2,0,0,0,0,0,0,0,2,0,1,0,0,0
0,0,0,0,0,0,0,0,0,0,1,0,0,0
1,0,0,0,0,0,0,1,1,1,4,1,6,0
0,0,0,0,0,0,0,0,0,0,1,0,0,0
0,0,0,0,0,1,0,1,1,2,38,2,71,0
1,0,0,0,0,0,0,0,1,0,1,0,2,0
1,0,0,0,0,0,0,0,1,0,1,0,0,0
1,0,0,0,0,0,0,0,1,0,1,0,0,0
0,0,0,0,2,2,0,1,0,5,1,0,3,0
0,0,0,0,0,0,0,0,0,0,1,0,0,0
1,0,0,0,0,0,0,1,2,1,26,1,36,0
0,0,1,0,0,0,0,0,0,1,4,0,0,0
0,0,2,0,1,0,0,0,0,3,3,1,5,1
0,0,0,0,1,0,0,0,0,1,1,1,10,0
1,0,2,0,1,0,0,1,2,4,2,2,39,0
1,0,0,0,0,0,0,0,1,0,1,0,0,0
0,0,0,0,1,0,0,0,0,1,1,2,18,2
0,0,1,0,0,0,0,0,0,1,1,0,0,0
0,0,0,0,0,0,0,0,0,0,1,0,0,0
0,0,0,0,2,1,0,0,0,3,1,7,64,1
0,0,0,0,0,0,0,0,0,0,6,0,0,0
9,0,0,0,0,0,0,1,9,1,83,1,48,0
0,0,1,0,0,1,0,0,0,2,1,1,10,0
0,1,3,0,1,0,0,0,0,5,1,4,48,2
1,0,2,0,0,0,0,0,1,2,14,1,36,1
0,0,0,0,0,0,0,0,0,0,1,0,0,0
1,0,1,0,3,0,0,0,1,4,13,3,28,1
0,0,1,0,1,1,0,0,0,3,1,4,42,1
0,0,1,0,1,1,0,0,0,3,1,3,18,0
1,0,0,0,10,2,1,1,1,14,16,3,26,0
0,0,0,0,1,0,0,0,0,1,2,1,4,0
1,0,0,0,1,0,0,0,1,1,9,1,9,1
0,0,0,0,5,7,0,0,0,12,8,0,0,0
1,0,1,0,0,0,1,0,2,2,12,1,18,0
0,0,0,0,1,1,0,0,0,2,1,0,0,0
1,0,1,0,0,0,0,0,1,1,10,0,0,0
0,0,1,0,0,0,0,0,0,1,1,0,0,0
0,0,0,0,0,0,0,0,0,0,1,0,0,0
0,0,0,0,0,0,0,0,0,0,1,0,0,0
0,0,0,0,1,0,0,0,0,1,3,1,11,1
0,0,0,0,0,1,0,0,0,1,1,2,13,0
0,0,1,0,0,0,0,1,0,2,1,2,25,0
0,0,4,0,2,1,0,2,1,9,3,4,34,1
1,0,1,0,0,0,1,2,3,4,15,3,67,0
1,0,0,0,0,0,0,0,1,0,19,1,18,1
0,0,0,0,0,0,0,0,0,0,0,0,0,0
1,0,0,0,0,0,0,0,1,0,10,1,6,1
0,0,0,0,1,0,0,0,0,1,1,0,0,0
0,0,0,0,0,0,0,0,0,0,1,0,0,0
0,0,1,0,0,0,0,0,0,1,1,0,4,0
0,0,0,0,1,3,0,1,1,5,37,4,104,3
0,0,0,0,0,0,0,0,0,0,1,0,0,0
0,0,0,0,0,0,0,0,0,0,1,0,0,0
1,0,0,0,2,0,0,1,1,3,33,2,60,0
0,0,0,0,0,0,0,0,0,0,1,0,0,0
2,0,0,0,0,1,0,0,2,1,9,1,8,0
0,0,0,0,0,0,0,0,0,0,1,3,87,3
0,0,1,0,0,0,0,0,0,1,1,0,0,0
4,0,0,0,0,1,0,0,4,1,25,3,254,1
0,0,0,0,0,0,0,0,0,0,1,0,0,0
0,0,0,0,0,0,0,0,0,0,5,0,0,0
0,0,0,0,0,4,0,2,2,6,5,3,26,0
1,0,0,0,0,0,0,0,1,0,10,1,70,0
0,0,1,0,0,1,0,2,2,4,140,3,250,1
0,0,1,0,0,0,0,0,0,1,1,0,0,0
1,0,1,0,0,0,0,0,1,1,10,0,2,0
0,0,1,0,0,0,0,0,0,1,1,1,13,0
0,0,2,0,1,0,0,0,0,3,2,0,0,0
0,0,1,0,1,2,0,0,1,4,1,1,9,0
0,0,0,0,1,0,0,0,0,1,2,0,0,0
0,0,0,0,0,0,0,0,0,0,1,0,0,0
2,0,2,0,1,0,0,0,2,3,19,3,19,0
0,0,5,0,9,11,0,2,1,27,3,1,29,0
0,0,0,0,1,0,0,0,0,1,14,1,7,0
0,0,0,0,0,1,0,0,0,1,1,1,18,0
1,0,1,0,0,0,0,0,1,1,8,1,32,0
2,0,0,0,0,0,0,0,2,0,8,0,0,0
0,0,0,0,2,3,0,1,0,6,1,2,16,0
1,0,2,0,0,0,0,0,1,2,2,1,5,0
0,0,1,0,0,0,0,0,0,1,5,0,0,0
0,0,1,0,1,0,0,0,0,2,5,1,5,0
0,0,1,0,1,1,0,0,0,3,3,0,0,0
1,0,0,0,0,0,0,0,1,0,18,1,17,0
0,0,0,0,0,0,0,0,0,0,1,0,0,0
0,0,0,0,0,0,0,0,0,0,1,0,0,0
0,0,1,0,1,0,0,0,1,2,90,2,123,0
0,0,2,0,0,0,0,0,0,2,7,1,10,0
0,0,0,0,1,0,0,0,0,1,1,1,7,0
0,0,0,0,1,0,0,0,0,1,3,1,7,0
0,0,0,0,0,0,0,0,0,0,1,0,0,0
0,0,1,0,0,1,0,0,0,2,1,1,6,0
0,0,0,0,1,0,0,1,0,2,15,1,35,0
0,0,1,0,0,0,0,0,0,1,1,0,0,0
1,0,0,0,0,0,0,0,1,0,5,0,0,0
0,0,0,0,0,0,0,0,0,0,1,0,0,0
2,0,1,0,0,1,1,0,3,3,5,2,21,0
1,0,0,0,0,0,0,1,1,1,4,1,10,0
1,0,0,0,0,0,0,1,1,1,1,1,4,0
0,0,0,0,1,0,1,0,0,2,9,2,30,0
0,0,0,0,0,0,0,1,0,1,2,1,255,0
0,0,2,0,1,0,0,0,0,3,2,2,18,0
0,0,1,0,1,0,0,0,0,2,1,0,0,0
0,0,1,0,1,1,1,2,1,6,1,4,30,0
1,0,2,0,0,1,0,3,2,6,22,4,397,1
0,0,0,0,0,0,0,0,0,0,1,1,9,0
1,0,0,0,0,0,1,0,2,1,13,1,11,1
0,0,0,0,0,0,0,0,0,0,3,0,0,0
0,0,0,0,0,0,0,0,0,0,48,0,0,0
0,0,3,0,0,0,0,0,1,3,61,0,0,0
2,0,3,0,0,2,0,0,2,5,7,2,33,0
0,0,0,0,1,0,0,0,0,1,9,3,20,0
1,0,3,0,0,0,1,0,1,4,25,0,0,0
0,0,0,0,0,1,0,0,0,1,1,1,11,0
0,0,0,0,2,2,0,0,0,4,1,0,0,0
0,0,0,0,0,0,0,1,0,1,69,1,113,0
0,0,0,0,0,0,0,1,1,1,26,1,41,0
0,0,1,0,3,2,0,0,1,6,2,3,27,0
0,0,0,0,0,0,0,0,0,0,1,0,0,0
3,0,0,0,1,1,0,1,4,3,34,3,63,2
1,0,0,0,0,0,0,0,1,0,5,3,38,0
1,0,0,0,0,0,0,0,1,0,14,1,22,1
0,0,1,0,0,1,0,0,0,2,1,0,0,0
2,0,1,0,0,0,0,0,2,1,6,2,52,0
0,0,1,0,0,0,0,2,2,3,23,3,60,1
0,0,1,0,1,0,0,0,0,2,1,4,34,0
0,0,3,0,0,0,0,2,1,5,1,3,296,0
0,0,0,0,0,0,0,0,0,0,1,2,17,1
0,0,0,0,0,0,0,0,0,0,1,0,0,0
0,0,1,0,0,0,0,0,0,1,1,0,0,0
0,0,0,0,0,0,0,0,0,0,2,0,0,0
0,0,1,0,0,0,0,1,1,2,34,2,65,0
0,0,3,0,0,1,0,3,2,7,4,3,31,1
0,0,0,0,0,0,0,0,0,0,7,0,0,0
0,0,1,0,0,0,0,0,0,1,2,1,5,0
0,0,1,0,0,1,0,1,1,3,3,4,29,2
1,0,1,0,0,0,0,0,1,1,2,3,31,0
2,0,3,1,1,1,0,3,4,9,22,5,65,1
0,0,0,0,0,0,0,1,1,1,38,2,83,0
0,0,0,0,0,0,0,0,0,0,7,0,0,0
0,0,0,0,0,0,0,0,0,0,2,1,6,1
0,0,0,0,0,0,0,0,0,0,1,0,3,0
0,0,2,0,0,1,1,0,1,4,4,3,24,0
1,0,2,0,1,1,2,3,4,9,16,4,99,1
0,0,0,0,0,0,0,1,0,1,1,0,0,0
0,0,1,0,0,0,0,0,0,1,2,0,0,0
2,0,1,0,2,3,0,1,2,7,14,1,12,1
1,0,1,0,1,0,0,1,2,3,34,3,36,1
1,0,0,0,1,0,0,3,2,4,8,3,54,0
0,0,4,0,0,1,0,0,0,5,1,4,40,0
0,0,1,0,0,0,0,0,0,1,1,1,30,0
4,0,0,0,0,0,0,0,4,0,14,1,15,1
0,0,1,0,0,0,0,0,0,1,3,0,0,0
0,0,4,0,0,0,0,1,1,5,37,2,64,0
0,0,0,0,0,0,0,0,0,0,1,0,0,0
0,0,0,0,1,0,0,0,0,1,2,1,32,0
1,0,0,0,0,0,0,0,1,0,1,0,18,0
0,0,3,0,3,1,1,0,0,8,1,4,66,2
0,0,1,0,0,0,0,1,1,2,10,3,30,1
1,0,2,0,1,0,0,0,1,3,4,1,9,0
1,0,1,0,0,0,0,0,1,1,11,0,0,0
1,0,0,0,0,1,0,0,1,1,7,2,39,0
0,1,13,0,9,3,1,8,6,34,63,13,159,5
2,0,0,0,0,0,0,2,3,2,37,5,246,1
1,0,0,0,1,0,0,0,1,1,1,2,12,0
0,0,3,0,1,5,2,2,6,13,4,1,10,0
0,0,3,0,2,0,0,0,0,5,6,2,15,1
0,0,0,0,0,0,0,0,0,0,1,1,8,1
3,0,1,0,0,0,0,0,3,1,10,2,28,1
0,0,0,0,0,0,0,0,0,0,1,0,0,0
0,0,0,0,0,2,1,0,0,3,2,2,13,0
2,0,0,0,1,0,0,0,2,1,1,1,6,0
0,0,0,0,0,0,0,0,0,0,4,0,0,0
0,0,1,0,0,0,0,1,1,2,18,1,25,1
0,0,1,0,0,0,0,0,0,1,3,0,0,0
0,0,0,0,0,0,0,1,0,1,8,1,13,1
0,0,1,0,0,0,0,1,1,2,21,2,33,1
0,0,0,0,1,0,0,1,0,2,38,1,51,0
1,0,0,0,1,0,0,0,1,1,13,1,6,1
1,0,2,0,0,0,0,1,1,3,1,0,0,0
2,0,0,0,0,0,0,1,2,1,33,3,73,0
0,0,0,0,0,0,0,1,0,1,2,0,0,0
2,0,0,0,1,0,0,3,4,4,27,2,30,2
3,0,4,0,2,1,1,3,4,11,115,4,160,1
0,0,0,0,0,0,0,0,0,0,4,0,0,0
0,0,0,0,0,0,0,0,0,0,43,0,0,0
2,0,2,0,0,1,0,0,2,3,8,1,11,0
0,0,0,0,1,0,0,0,0,1,9,0,0,0
0,0,1,0,0,0,0,2,2,3,37,2,57,0
1,0,2,0,0,0,0,0,1,2,15,1,10,0
0,0,0,0,0,0,0,0,0,0,1,0,0,0
1,0,2,0,0,0,0,0,1,2,9,0,0,0
2,0,0,0,0,1,0,0,2,1,16,2,20,1
1,0,0,0,0,0,0,0,1,0,23,0,0,0
2,1,1,0,0,0,0,0,2,2,12,0,0,0
0,0,0,0,0,0,0,0,0,0,1,0,0,0
1,0,0,0,0,0,0,0,1,0,4,0,0,0
0,0,0,0,2,0,0,1,0,3,1,2,18,0
0,0,0,0,1,0,0,0,0,1,10,1,6,0
0,0,0,0,1,0,0,0,0,1,1,1,9,0
1,0,0,0,0,0,0,0,1,0,1,0,0,0
2,0,0,0,0,2,0,1,2,3,24,1,38,0
2,0,2,0,0,0,0,0,2,2,17,2,14,0
2,0,1,0,0,0,0,0,2,1,11,0,0,0
1,0,0,0,0,0,0,0,1,0,11,1,18,1
0,0,1,0,0,0,1,0,1,2,3,1,15,0
1,0,2,0,1,0,0,0,1,3,29,1,4,0
0,3,68,0,4,0,1,1,1,77,168,3,235,2
1,0,2,0,3,0,0,1,2,6,1,1,8,0
1,0,0,0,1,0,0,0,1,1,9,2,10,0
0,0,2,0,0,0,0,0,0,2,1,1,5,0
0,0,2,0,1,0,3,0,1,6,4,3,62,1
0,0,0,0,0,0,0,0,0,0,1,0,0,0
1,0,0,0,0,0,0,0,1,0,1,0,0,0
0,0,0,0,0,0,0,0,0,0,1,0,0,0
1,0,0,0,1,0,0,0,1,1,1,1,8,0
0,0,1,0,1,0,0,1,1,3,15,1,39,0
2,0,3,0,3,0,0,2,3,8,16,3,20,2
1,0,0,0,0,1,0,0,1,1,15,2,13,0
0,0,4,0,4,2,0,0,0,10,33,10,128,0
2,0,0,0,1,0,0,0,2,1,10,2,22,0
0,0,1,0,1,0,0,1,1,3,4,2,34,0
0,0,0,0,1,1,0,1,0,3,1,1,4,0
0,0,2,0,1,0,0,4,2,7,4,1,4,0
0,0,0,0,0,0,0,1,0,1,71,1,99,0
0,0,0,0,0,0,0,0,0,0,3,0,0,0
1,0,4,0,2,0,0,0,1,6,6,1,10,1
2,0,0,0,1,0,0,0,2,1,14,2,28,0
0,0,3,0,2,2,0,2,1,9,1,11,155,4
1,0,1,0,0,0,0,1,2,2,9,1,29,1
0,0,1,0,0,0,0,0,0,1,4,1,8,0
0,0,3,0,1,0,0,0,0,4,1,1,8,0
0,0,0,0,0,0,0,0,0,0,1,0,0,0
0,0,1,0,0,0,0,0,0,1,4,0,0,0
0,0,2,0,0,0,0,0,0,2,1,0,0,0
0,0,1,0,0,0,0,0,0,1,1,0,0,0
0,0,0,0,1,0,0,2,2,3,23,2,28,0
0,0,3,0,3,0,0,0,0,6,5,0,2,0
0,0,1,0,0,1,0,0,0,2,6,1,10,0
0,0,0,0,0,0,0,0,0,0,1,0,0,0
1,0,1,0,1,1,0,2,1,5,40,2,65,0
0,0,0,0,0,0,0,0,0,0,3,0,0,0
0,0,2,0,0,2,0,0,0,4,1,1,8,0
0,0,1,0,1,1,0,0,0,3,2,1,7,0
1,0,1,0,1,0,0,0,1,2,4,1,9,0
0,0,0,0,0,0,0,0,0,0,3,0,0,0
0,0,1,0,1,0,0,0,0,2,2,1,7,0
0,0,0,0,0,0,0,0,0,0,2,0,0,0
0,0,0,0,0,1,0,0,0,1,1,0,0,0
0,0,0,0,1,0,0,0,0,1,2,1,9,0
1,0,3,0,0,0,0,0,1,3,1,2,10,0
0,0,1,0,0,0,0,0,0,1,1,0,0,0
0,0,3,0,2,0,0,0,0,5,5,0,2,0
0,0,1,0,0,0,1,0,0,2,4,2,14,0
3,0,0,0,0,0,0,0,3,0,7,1,20,0
1,0,0,0,0,0,0,0,1,0,1,0,0,0
1,0,0,0,5,5,1,7,7,18,28,5,48,2
0,0,1,0,1,2,0,0,0,4,1,0,0,0
0,0,1,0,4,1,0,0,0,6,1,0,3,0
0,1,1,0,4,0,0,0,0,6,7,1,12,0
0,0,3,0,3,0,0,1,1,7,2,4,35,0
0,0,4,0,1,0,0,0,0,5,2,0,0,0
0,0,2,0,3,0,0,0,0,5,8,1,6,0
2,0,6,0,16,0,0,2,3,24,23,2,17,1
0,0,0,0,7,3,1,5,5,15,10,6,45,1
4,0,2,0,5,5,1,2,5,15,27,6,42,0
3,0,1,0,3,2,0,1,4,7,12,4,35,1
2,0,9,0,5,0,0,0,2,14,19,0,0,0
1,0,2,0,6,8,0,2,2,18,16,5,49,2
0,0,2,0,0,0,0,0,0,2,2,2,10,0
0,0,1,0,4,3,0,5,2,13,13,1,9,1
5,0,3,0,5,5,0,4,8,17,24,5,52,0
1,0,3,0,2,1,0,4,4,10,52,5,84,3
0,0,0,0,0,0,0,0,0,0,5,2,50,0
0,0,3,0,2,3,0,4,2,12,11,4,46,1
1,0,8,0,4,2,0,1,1,15,1,1,10,1
0,0,0,0,0,4,0,3,2,7,6,2,12,0
0,0,2,0,0,1,0,0,0,3,0,1,13,0
1,0,0,0,1,0,0,3,4,4,43,4,107,1
0,0,0,0,0,0,0,0,0,0,8,0,0,0
0,0,1,0,1,0,0,0,0,2,4,4,36,0
0,0,0,0,0,0,0,0,0,0,0,0,0,0
2,0,0,0,1,0,0,0,2,1,15,1,12,1
0,0,0,0,0,0,0,0,0,0,1,1,187,0
1,1,0,0,0,0,0,1,1,2,4,0,0,0
2,0,0,0,0,0,0,0,2,0,9,1,13,1
0,0,4,0,0,0,0,2,1,6,36,2,66,0
1,1,0,0,1,0,0,1,1,3,1,2,12,0
0,0,0,0,0,0,0,0,0,0,1,1,39,0
2,0,0,0,0,0,0,1,3,1,24,2,41,2
1,0,1,0,2,1,0,0,1,4,4,2,16,0
3,0,2,0,1,0,0,0,3,3,5,1,15,0
1,0,1,0,0,0,0,0,1,1,3,0,0,0
0,0,0,0,0,0,0,1,1,1,0,0,0,0
0,0,0,0,0,0,0,1,1,1,61,1,32,1
0,0,0,0,0,0,0,0,0,0,0,3,100,0
0,0,2,0,1,2,0,0,2,5,1,1,13,0
1,0,1,0,1,0,0,0,1,2,14,1,12,0
0,0,0,0,0,0,0,0,0,0,1,0,0,0
0,0,1,0,0,0,0,0,0,1,0,0,0,0
2,0,1,0,1,0,0,0,2,2,19,2,10,0
0,0,2,0,2,0,0,0,0,4,1,5,36,0
0,0,1,0,0,0,0,1,1,2,8,1,58,0
0,0,1,0,0,0,0,1,1,2,14,1,29,0
1,0,0,0,0,0,0,1,1,1,6,6,40,1
0,0,1,0,0,0,0,0,0,1,3,0,0,0
0,0,1,0,0,0,0,0,0,1,4,0,0,0
1,0,0,0,3,0,0,1,2,4,5,2,13,0
0,0,1,0,0,0,0,1,1,2,28,1,41,1
0,0,0,0,0,0,0,0,0,0,1,0,0,0
2,0,1,0,1,0,0,0,2,2,12,1,8,0
0,0,0,0,0,0,0,0,0,0,1,0,0,0
1,0,0,0,0,0,0,0,1,0,4,0,0,0
2,0,0,0,8,0,0,0,2,8,14,16,175,2
0,0,0,0,0,0,0,0,0,0,0,0,0,0
1,0,3,0,0,0,0,0,1,3,11,1,8,0
1,0,1,0,0,0,0,0,1,1,0,0,0,0
0,0,1,0,0,0,0,0,0,1,0,1,8,0
1,0,0,0,0,0,0,1,1,1,34,1,50,0
0,0,0,0,0,0,0,0,0,0,6,0,0,0
0,0,0,0,0,0,0,0,0,0,0,0,0,0
0,0,0,0,0,0,0,0,0,0,8,0,0,0
0,0,0,0,1,0,0,0,0,1,1,0,0,0
0,0,0,0,1,0,0,0,0,1,0,0,2,0
0,1,0,0,0,0,0,0,0,1,0,0,0,0
0,0,0,0,0,1,0,1,1,2,3,1,34,0
1,0,1,0,0,0,0,1,2,2,10,0,0,0
3,0,1,0,0,0,0,0,3,1,8,2,15,1
0,0,0,0,1,0,0,0,0,1,1,1,47,0
0,0,0,0,0,0,0,1,0,1,38,1,93,0
0,0,1,0,0,0,0,0,0,1,0,0,0,0
194,0,0,0,0,0,0,2,194,2,168,40,1253,1
0,0,0,1,0,0,0,1,1,2,26,1,51,0
3,0,0,0,0,0,0,0,3,0,54,1,14,1
0,0,1,0,0,0,0,0,0,1,6,0,0,0
0,0,0,0,2,1,0,1,1,4,3,1,22,0
2,0,0,0,0,2,0,1,3,3,91,3,137,2
1,0,0,0,1,0,0,0,1,1,1,0,0,0
2,0,3,0,0,0,0,0,2,3,4,1,8,0
0,0,3,0,1,1,0,0,0,5,9,3,64,0
3,0,1,0,0,0,1,0,3,2,25,0,0,0
0,0,0,0,1,2,0,0,0,3,2,1,38,0
2,0,0,0,2,1,0,0,2,3,15,5,83,0
1,0,0,0,0,0,0,0,1,0,11,0,0,0
0,0,0,0,0,0,0,0,0,0,1,1,8,0
0,0,0,0,0,0,0,0,0,0,1,0,0,0
1,0,1,0,0,0,0,0,1,1,6,0,0,0
0,0,0,0,2,1,0,0,0,3,11,1,7,0
0,0,2,0,5,2,0,0,0,9,19,7,53,1
1,0,1,0,0,0,0,0,1,1,6,1,5,0
0,0,0,0,0,0,0,0,0,0,3,0,0,0
0,0,0,0,0,0,0,0,0,0,1,0,0,0
0,0,0,0,2,0,0,0,0,2,0,2,15,0
0,0,1,0,0,0,0,0,0,1,1,0,0,0
0,0,0,0,0,0,0,0,0,0,1,0,0,0
0,0,0,0,1,0,0,0,0,1,1,0,0,0
0,0,2,0,0,1,0,0,0,3,2,1,8,1
0,0,3,0,0,0,0,0,0,3,0,0,0,0
0,0,4,0,0,0,0,0,0,4,1,2,14,0
0,0,1,0,0,0,0,0,0,1,1,0,0,0
0,0,1,0,0,0,0,0,0,1,2,0,3,0
0,0,1,0,3,1,1,1,1,7,4,3,27,0
0,0,0,0,1,0,1,0,0,2,3,1,7,0
0,0,0,0,0,0,0,0,0,0,1,0,0,0
0,0,0,0,0,0,0,0,0,0,1,0,0,0
2,0,1,0,2,0,2,1,3,6,58,3,83,0
0,0,1,0,1,0,0,0,0,2,0,1,7,0
0,0,0,0,0,0,0,0,0,0,1,1,6,0
1,1,2,0,0,0,0,1,1,4,6,1,8,1
0,0,1,0,1,0,0,2,0,4,67,32,523,28
0,0,0,0,0,0,0,0,0,0,1,0,0,0
1,0,2,0,3,0,0,0,1,5,5,2,55,0
0,0,2,0,0,2,1,12,6,17,3,0,0,0
0,0,1,0,0,2,0,0,0,3,1,0,4,0
2,0,0,0,0,0,0,0,2,0,17,0,0,0
0,0,0,0,1,0,0,0,0,1,1,1,4,0
0,0,1,0,0,0,0,0,0,1,0,0,0,0
1,0,0,0,0,1,0,1,2,2,9,1,16,0
1,0,2,0,1,0,1,0,3,4,5,3,34,0
0,0,2,0,0,1,0,2,1,5,1,0,0,0
0,0,1,0,0,0,0,0,0,1,2,0,0,0
1,0,1,0,0,0,0,0,1,1,3,0,0,0
0,0,0,0,0,0,0,0,0,0,1,0,0,0
1,0,1,0,0,0,0,1,2,2,6,1,18,1
0,0,0,0,0,0,0,0,0,0,2,0,0,0
3,0,2,0,2,1,0,0,3,5,11,0,0,0
1,0,0,0,0,1,0,0,1,1,4,1,13,0
0,0,0,0,0,0,0,0,0,0,1,0,0,0
0,0,0,0,1,0,0,0,0,1,1,0,0,0
0,0,0,0,1,0,0,0,0,1,1,0,0,0
0,0,1,0,0,0,0,2,0,3,57,3,118,1
1,0,1,0,2,0,0,0,1,3,1,1,6,0
1,0,4,0,0,0,0,0,1,4,2,0,0,0
0,0,1,0,2,1,0,0,0,4,33,0,2,0
0,0,1,0,1,0,0,0,0,2,0,0,0,0
0,0,0,0,0,0,1,1,1,2,20,3,42,1
0,0,0,0,0,0,0,0,0,0,1,0,0,0
0,0,0,0,0,0,0,0,0,0,1,0,0,0
1,0,2,0,0,0,0,0,1,2,6,0,0,0
0,0,0,0,0,0,0,0,0,0,1,0,0,0
0,0,0,0,1,0,0,0,0,1,1,1,8,0
0,0,0,0,2,0,0,0,0,2,1,0,2,0
1,0,0,0,0,0,0,0,1,0,6,0,0,0
0,0,0,0,0,0,0,0,0,0,1,0,0,0
1,0,0,0,0,0,0,1,2,1,14,1,27,0
0,0,1,0,0,0,0,0,0,1,1,0,0,0
0,0,0,0,0,0,0,0,0,0,1,0,0,0
1,0,1,0,0,0,0,0,1,1,7,0,0,0
0,0,0,0,0,1,0,0,0,1,5,0,0,0
1,0,0,0,1,1,0,0,1,2,14,1,10,0
0,0,0,0,0,0,0,0,0,0,1,1,37,0
0,0,2,0,0,2,0,0,0,4,9,5,34,0
2,1,1,0,0,0,1,1,4,4,92,4,89,3
0,0,0,0,0,0,0,0,0,0,2,0,0,0
1,0,1,0,0,2,0,0,2,3,14,1,12,0
0,0,0,0,0,0,0,0,0,0,1,0,0,0
0,0,0,0,0,0,0,0,0,0,3,0,0,0
2,0,1,0,1,0,0,1,2,3,52,2,70,1
2,0,0,0,1,0,1,2,4,4,22,2,17,1
3,0,0,0,0,0,0,1,4,1,1,0,0,0
0,0,1,0,0,0,0,0,0,1,1,0,0,0
1,0,2,0,1,0,0,0,1,3,5,0,0,0
2,0,1,0,1,0,0,1,3,3,34,1,35,0
2,0,0,0,4,2,0,3,3,9,47,5,92,4
0,0,1,0,0,0,0,0,0,1,5,0,0,0
1,0,0,0,0,3,0,0,2,3,9,2,13,0
1,0,0,0,0,0,0,2,3,2,71,1,133,0
2,0,3,0,1,0,0,0,2,4,14,3,31,0
1,0,0,0,1,0,0,0,1,1,1,1,6,0
1,0,3,0,0,0,0,2,2,5,24,3,125,1
0,0,0,0,1,1,0,1,1,3,2,1,11,0
0,0,0,0,0,0,0,0,0,0,4,0,0,0
3,0,0,0,1,0,0,0,3,1,34,2,11,0
2,0,1,0,0,0,0,2,4,3,52,3,70,1
0,0,2,0,1,0,0,1,1,4,1,1,34,0
1,0,3,0,1,0,0,0,1,4,4,0,0,0
1,0,1,0,0,1,0,0,1,2,0,1,8,0
0,0,0,0,1,0,0,0,0,1,3,1,6,1
0,0,1,0,0,0,0,0,0,1,2,0,0,0
0,0,1,0,1,1,0,0,0,3,2,0,0,0
0,0,0,0,0,0,0,1,1,1,0,1,32,0
3,0,1,0,0,0,0,0,3,1,34,3,29,1
0,0,1,0,0,1,0,0,0,2,0,0,0,0
0,0,0,0,0,0,0,0,0,0,2,0,0,0
0,0,0,0,0,0,0,0,0,0,1,0,0,0
1,0,0,0,0,1,0,0,1,1,12,0,0,0
0,0,1,0,0,0,0,0,0,1,1,1,8,0
1,0,0,0,0,0,0,0,1,0,8,0,0,0
0,0,0,0,0,0,0,0,0,0,1,0,0,0
0,0,0,0,0,0,0,0,0,0,0,0,0,0
1,0,1,0,0,0,0,0,1,1,2,0,0,0
1,0,2,0,1,0,0,2,3,5,56,2,57,1
1,0,0,0,0,0,0,0,1,0,14,1,11,1
2,0,0,0,1,0,0,0,2,1,27,2,44,2
1,0,0,0,1,0,0,0,1,1,0,2,22,0
1,0,0,0,0,0,0,1,2,1,14,0,0,0
0,0,1,0,0,0,0,1,1,2,25,1,24,0
0,0,0,0,0,0,0,0,0,0,0,1,73,0
0,0,0,0,0,0,0,1,0,1,0,3,857,1
1,0,1,0,0,0,0,0,1,1,10,3,64,0
1,0,0,0,0,0,0,0,1,0,1,0,2,0
1,0,0,0,0,0,0,0,1,0,6,0,0,0
0,0,1,0,0,0,1,1,0,3,49,2,117,0
0,0,1,0,0,0,0,0,0,1,0,1,9,1
0,0,0,0,0,0,0,0,0,0,3,0,0,0
1,0,0,0,0,0,0,1,1,1,327,1,198,1
0,0,0,0,0,4,0,0,0,4,1,0,0,0
0,0,1,0,1,0,0,0,0,2,1,14,152,1
0,0,1,0,2,0,0,1,0,4,2,1,6,0
0,0,0,0,0,2,0,0,0,2,1,1,11,0
0,0,0,0,0,0,0,0,0,0,6,0,0,0
1,0,0,0,0,0,0,1,2,1,18,1,31,1
0,0,0,0,2,0,0,0,0,2,1,2,20,1
0,0,0,0,0,0,0,0,0,0,0,1,4,0
0,1,1,0,0,0,1,0,1,3,13,1,8,1
0,0,1,0,2,1,0,0,0,4,1,0,0,0
0,0,1,0,0,0,0,0,0,1,3,4,35,0
1,0,1,0,0,0,0,0,1,1,7,0,0,0
1,0,1,0,0,0,0,0,1,1,1,0,3,0
0,0,0,0,0,0,0,0,0,0,0,1,6,0
0,0,1,0,1,0,0,0,0,2,2,1,9,0
1,0,1,0,0,0,0,1,1,2,41,1,57,0
0,0,1,0,0,0,0,0,0,1,1,1,8,0
1,0,0,0,0,0,0,0,1,0,10,0,2,0
1,0,1,0,0,1,0,3,1,5,7,4,102,0
1,0,0,0,1,0,0,0,1,1,5,1,8,0
1,0,2,0,0,0,0,0,1,2,1,0,0,0
0,0,0,0,1,0,0,1,0,2,8,1,15,1
1,0,0,0,1,0,0,0,1,1,9,0,0,0
0,0,0,0,0,0,0,0,0,0,3,0,0,0
0,0,0,0,0,0,0,1,1,1,17,1,21,1
3,0,0,0,0,0,0,0,3,0,32,2,51,2
0,0,0,0,2,1,0,0,0,3,5,0,0,0
1,0,0,0,0,0,0,0,1,0,1,0,0,0
0,0,0,0,1,0,0,0,0,1,1,1,10,1
2,0,0,0,0,0,0,1,3,1,40,1,38,0
0,0,0,0,0,0,0,1,1,1,1,0,2,0
1,0,1,0,2,0,0,2,3,5,43,5,73,1
1,0,1,0,0,0,0,0,1,1,3,1,10,0
0,0,1,0,0,0,0,0,0,1,1,1,8,0
0,0,1,0,0,0,0,0,0,1,1,1,10,0
0,0,0,0,0,0,0,0,0,0,1,0,0,0
0,0,0,0,3,0,0,2,0,5,5,0,0,0
0,0,1,0,0,0,0,0,0,1,3,2,12,0
1,0,1,0,0,0,0,0,1,1,7,0,0,0
1,0,0,0,1,0,0,0,1,1,9,1,14,1
1,0,0,0,1,1,0,0,1,2,1,2,35,0
1,0,1,0,0,0,0,0,1,1,13,2,21,0
0,0,1,0,1,0,0,1,1,3,44,1,40,1
1,0,0,0,0,0,0,0,1,0,4,0,0,0
0,0,0,0,0,0,1,0,1,1,1,0,0,0
0,0,1,0,1,0,0,0,0,2,2,0,0,0
1,0,1,0,0,0,0,0,1,1,4,1,5,0
0,0,2,0,2,3,2,3,5,12,23,1,38,1
0,0,0,0,1,0,0,0,0,1,1,6,71,3
0,0,0,0,0,0,0,0,0,0,1,0,0,0
0,0,0,0,0,0,0,0,0,0,1,0,0,0
0,0,1,0,0,0,0,0,0,1,1,0,0,0
0,0,1,0,0,0,0,0,0,1,1,0,0,0
0,0,1,0,4,1,0,1,0,7,1,2,24,0
1,0,2,0,0,0,0,1,1,3,1,3,101,1
0,0,0,0,0,1,0,0,0,1,1,0,0,0
0,0,0,0,1,0,0,0,0,1,2,0,0,0
1,0,1,0,0,0,0,0,1,1,2,0,0,0
0,0,6,0,3,1,0,2,2,12,1,2,12,0
0,0,1,0,1,0,0,0,0,2,1,3,20,0
0,0,1,0,0,0,0,0,0,1,3,0,0,0
1,0,0,0,0,0,0,0,1,0,0,1,91,0
0,0,0,0,1,0,0,2,2,3,16,1,23,1
0,0,1,0,1,0,0,0,0,2,1,4,29,0
1,0,0,0,0,0,0,1,2,1,20,2,69,0
0,0,0,0,1,0,0,0,0,1,1,0,0,0
0,0,1,0,1,0,0,2,0,4,54,3,96,1
0,0,0,0,0,0,0,0,0,0,11,0,0,0
0,0,0,0,0,0,0,0,0,0,1,1,12,0
1,0,0,0,0,0,0,0,1,0,5,0,0,0
0,0,0,0,0,0,0,0,0,0,1,0,0,0
1,0,0,0,3,0,0,0,1,3,5,2,13,0
0,0,5,0,2,0,0,0,0,7,2,8,73,4
0,0,2,0,1,0,0,1,0,4,39,0,0,0
3,0,0,0,2,0,0,0,3,2,11,1,4,0
0,0,2,0,0,0,0,0,0,2,5,0,0,0
1,0,0,0,0,0,0,0,1,0,9,0,0,0
0,0,0,0,0,0,0,0,0,0,9,0,0,0
0,0,2,0,1,0,0,0,0,3,3,1,6,0
0,0,3,0,1,0,0,0,0,4,4,1,4,0
1,0,0,0,0,0,0,0,1,0,4,1,5,0
2,0,1,0,0,0,0,0,2,1,71,0,0,0
0,0,0,0,0,0,0,0,0,0,2,1,52,0
0,0,0,0,0,0,0,1,1,1,9,0,0,0
2,0,1,0,0,0,0,0,2,1,14,1,12,1
1,0,1,0,0,0,0,0,1,1,5,0,0,0
1,0,0,0,1,0,1,0,2,2,100,3,150,1
2,0,0,0,0,1,0,1,4,2,12,2,20,0
2,0,0,0,1,0,0,0,2,1,19,1,12,0
0,0,2,0,0,0,1,0,0,3,1,0,2,0
1,0,0,0,0,1,0,0,1,1,6,1,63,0
0,0,1,0,0,0,0,0,0,1,5,1,5,0
0,0,0,0,0,1,0,2,2,3,16,1,18,1
1,0,0,0,0,0,0,0,1,0,1,0,0,0
0,0,3,0,1,0,0,0,0,4,1,2,10,0
1,0,0,0,0,0,0,1,2,1,1,1,28,0
1,0,3,0,0,0,0,0,1,3,4,3,17,1
1,0,0,0,0,0,0,0,1,0,9,0,0,0
0,0,0,0,1,0,0,1,1,2,29,1,50,0
1,0,0,0,0,0,0,3,3,3,1,1,22,1
1,0,1,0,0,0,0,0,1,1,9,1,4,1
0,0,1,0,0,0,0,0,0,1,1,0,0,0
0,0,0,0,0,0,0,0,0,0,1,0,0,0
0,0,0,0,1,0,0,0,0,1,1,1,9,0
1,0,0,0,0,0,0,1,1,1,34,1,53,0
0,0,2,0,2,2,3,8,5,17,1,1,9,0
0,0,1,0,0,0,0,0,0,1,2,0,0,0
0,0,1,0,0,0,0,0,0,1,1,0,0,0
1,1,0,0,1,0,1,0,2,3,19,1,32,1
0,0,2,0,0,0,0,0,0,2,1,1,6,0
0,0,1,0,1,0,0,2,1,4,25,2,50,0
0,0,1,0,0,0,0,1,0,2,2,1,8,0
2,0,0,0,1,0,0,0,2,1,39,3,42,0
0,0,0,0,3,1,0,1,1,5,1,0,0,0
0,0,3,0,1,1,0,1,1,6,14,6,52,1
0,0,0,0,0,0,0,0,0,0,1,0,0,0
0,0,0,0,2,0,0,0,0,2,1,1,10,0
0,0,0,0,0,0,0,2,2,2,11,2,43,0
0,0,0,0,2,0,0,0,0,2,1,0,0,0
2,0,1,0,0,0,0,0,2,1,7,0,0,0
1,0,2,0,1,0,0,0,1,3,1,0,0,0
0,0,0,0,0,0,0,0,0,0,1,0,0,0
0,0,1,0,0,0,0,0,0,1,1,0,0,0
0,0,0,0,0,0,1,0,0,1,1,0,0,0
2,1,1,0,0,1,0,1,2,4,22,0,0,0
0,0,0,0,0,0,0,0,0,0,6,0,0,0
0,0,0,0,1,0,0,1,1,2,3,0,2,0
0,0,1,0,0,0,0,1,0,2,47,1,231,0
3,0,0,0,0,0,0,0,3,0,19,0,0,0
0,0,0,0,0,0,0,2,1,2,8,2,86,0
0,0,0,0,1,0,0,0,0,1,1,0,0,0
0,0,0,0,1,0,0,0,0,1,1,0,0,0
0,0,0,0,0,0,1,1,1,2,44,1,47,1
1,0,1,0,1,0,0,0,1,2,2,1,5,0
1,0,1,0,0,1,0,0,1,2,25,4,164,1
0,0,1,0,2,0,0,0,0,3,1,2,18,1
2,0,1,0,3,0,0,1,2,5,13,1,36,1
0,0,0,0,0,0,0,0,0,0,1,0,0,0
1,0,1,0,0,0,0,0,1,1,1,1,6,0
0,0,0,0,1,0,0,0,0,1,2,2,16,0
0,0,0,0,0,0,0,0,0,0,1,0,0,0
0,0,1,0,0,1,0,1,1,3,1,1,9,0
0,0,2,0,0,0,0,0,0,2,1,4,25,0
0,0,0,0,0,0,0,1,0,1,2,0,0,0
0,0,1,0,1,0,0,0,0,2,1,0,0,0
1,0,0,0,0,0,0,0,1,0,237,0,0,0
0,0,4,0,0,0,0,0,0,4,1,3,168,0
0,1,2,0,0,0,0,0,0,3,22,6,77,1
0,0,0,0,3,1,0,9,6,13,1,1,11,0
0,0,1,0,0,0,0,0,0,1,20,2,14,0
0,0,2,0,5,0,0,2,0,9,1,1,36,0
2,0,0,0,0,0,0,0,2,0,2,0,0,0
0,0,0,0,0,1,0,1,2,2,19,3,40,1
1,0,0,0,0,0,0,1,2,1,25,2,52,1
0,0,1,0,0,0,0,0,0,1,6,1,6,0
0,0,1,0,0,0,0,0,0,1,1,0,2,0
0,0,0,0,1,0,0,0,0,1,1,3,71,0
2,0,0,0,0,0,0,2,2,2,4,1,299,0
1,0,1,0,1,0,1,0,1,3,9,1,9,0
0,0,0,0,0,0,0,0,0,0,1,0,0,0
0,0,0,0,1,0,0,0,0,1,1,2,58,1
1,0,0,0,0,0,0,0,1,0,4,1,18,0
0,0,0,0,0,0,0,0,0,0,1,0,0,0
1,0,0,0,0,0,0,0,1,0,80,0,0,0
1,0,0,0,0,1,1,0,1,2,5,2,30,1
0,0,0,0,0,0,0,0,0,0,1,0,0,0
0,0,0,0,1,0,0,0,0,1,1,1,5,0
2,0,0,0,0,0,1,0,2,1,12,3,20,0
0,0,0,0,0,0,0,2,0,2,1,0,0,0
0,0,0,0,0,0,0,0,0,0,3,0,0,0
0,0,3,0,0,0,0,0,0,3,5,2,13,0
1,0,0,0,1,2,0,0,2,3,16,3,25,2
0,0,0,0,0,0,0,0,0,0,7,0,0,0
0,0,2,0,0,0,0,1,1,3,11,1,23,1
1,0,1,0,0,0,0,0,1,1,3,0,0,0
0,0,0,0,0,0,0,0,0,0,1,0,0,0
0,0,0,0,0,0,0,0,0,0,1,2,10,0
0,0,0,0,1,1,0,0,1,2,5,2,19,0
1,0,0,0,0,0,0,0,1,0,26,1,8,1
1,0,0,0,1,0,0,0,1,1,17,2,33,0
1,0,0,0,2,0,0,1,2,3,21,1,40,0
0,0,0,0,0,0,0,0,0,0,1,1,16,0
1,0,0,0,0,0,0,0,1,0,6,1,9,0
2,0,1,0,0,0,0,0,2,1,12,1,14,1
0,0,1,0,0,0,0,0,0,1,1,0,0,0
0,0,1,0,1,1,0,0,0,3,1,0,0,0
0,0,0,0,1,0,1,0,0,2,2,2,24,0
0,0,0,0,0,0,0,0,0,0,1,0,0,0
0,0,1,0,0,0,0,1,0,2,4,1,11,0
0,0,0,0,0,0,0,0,0,0,1,0,0,0
0,0,1,0,2,0,0,0,0,3,1,3,24,0
0,0,2,0,0,0,0,0,0,2,2,0,0,0
1,0,1,0,0,1,0,0,1,2,7,1,13,0
0,0,0,0,1,0,0,0,0,1,2,2,17,0
0,0,2,0,0,0,0,0,0,2,5,2,13,0
0,0,0,0,0,1,0,0,0,1,1,4,140,0
0,0,0,0,0,0,0,1,1,1,1,1,17,0
1,0,0,0,0,0,0,1,1,1,4,2,26,1
0,0,0,0,1,0,0,0,0,1,3,1,9,0
0,0,1,0,2,0,0,0,0,3,1,0,0,0
0,0,0,0,0,0,0,0,0,0,5,0,0,0
1,0,2,0,0,0,0,0,1,2,5,0,0,0
1,0,0,0,1,1,0,0,1,2,1,0,0,0
1,0,0,0,0,0,0,0,1,0,7,0,0,0
0,0,0,0,1,0,0,1,1,2,8,2,8,1
0,0,0,0,0,0,0,1,1,1,1,1,10,0
1,0,1,0,1,0,0,1,2,3,15,2,28,1
0,0,2,0,0,0,0,0,0,2,1,0,0,0
0,0,0,0,0,0,0,0,0,0,18,0,0,0
2,0,0,0,0,0,0,0,2,0,1,0,0,0
0,0,0,0,0,0,0,1,1,1,4,1,9,0
1,0,0,0,1,0,0,1,2,2,23,2,28,1
0,0,0,0,0,0,0,0,0,0,1,0,0,0
0,0,0,0,0,0,0,0,0,0,1,0,0,0
0,0,2,0,2,1,0,0,0,5,1,0,0,0
0,0,0,0,0,0,0,0,0,0,1,0,0,0
0,0,0,0,0,0,0,0,0,0,1,0,0,0
0,0,0,0,0,1,0,0,0,1,2,1,12,1
0,0,0,0,0,0,0,0,0,0,1,0,0,0
1,0,0,0,0,0,0,0,1,0,6,0,0,0
0,0,0,0,0,1,0,0,0,1,20,0,0,0
0,0,2,0,1,0,0,0,0,3,2,0,11,0
0,0,0,0,0,0,0,0,0,0,13,1,13,0
0,0,0,0,1,0,0,0,0,1,1,1,9,0
1,0,1,0,0,0,0,2,2,3,55,1,69,0
0,0,0,0,1,0,0,0,0,1,2,3,17,0
0,0,2,0,1,0,0,0,0,3,1,0,2,0
1,0,2,0,1,0,0,0,1,3,4,1,9,0
3,0,0,0,0,0,0,1,3,1,43,2,31,1
0,0,1,0,1,0,0,0,0,2,1,1,8,0
0,0,1,0,1,0,0,0,0,2,1,0,0,0
1,0,0,0,0,0,0,0,1,0,3,0,0,0
1,0,0,0,1,0,0,1,2,2,3,0,0,0
1,0,0,0,0,0,0,0,1,0,11,1,11,1
1,0,0,0,0,0,0,1,2,1,1,1,18,0
1,0,0,0,2,0,0,0,1,2,1,1,11,0
0,0,0,0,0,0,0,0,0,0,1,0,0,0
1,0,0,0,0,0,0,0,1,0,1,0,0,0
0,0,0,0,0,0,0,1,0,1,17,1,70,0
0,0,0,0,0,0,0,0,0,0,1,0,0,0
0,0,3,0,0,0,0,0,0,3,1,0,0,0
0,0,0,0,1,0,0,1,0,2,42,1,121,0
0,0,0,0,3,0,0,1,1,4,19,1,23,0
2,0,4,1,6,0,2,2,4,15,66,7,453,4
0,0,0,0,0,0,0,0,0,0,1,0,0,0
0,0,2,0,0,0,0,1,1,3,20,1,31,0
0,0,1,0,2,1,0,1,1,5,1,0,0,0
0,0,0,0,0,0,0,0,0,0,3,0,0,0
0,0,0,0,0,0,0,0,0,0,1,0,0,0
1,0,0,0,1,0,0,1,1,2,1,0,0,0
0,0,1,0,0,1,0,0,0,2,1,1,10,0
1,0,0,0,0,0,0,0,1,0,1,0,0,0
0,0,0,0,2,0,0,0,0,2,3,1,7,0
1,0,1,0,1,8,1,5,7,16,7,0,0,0
1,0,0,0,0,0,0,0,1,0,8,0,0,0
1,0,0,0,1,0,0,1,1,2,55,2,62,0
2,0,1,0,0,0,0,0,2,1,10,2,23,0
0,0,1,0,1,0,0,0,0,2,1,2,16,0
0,0,1,0,0,1,0,1,1,3,3,1,13,1
0,0,0,0,2,2,0,0,0,4,4,3,28,1
0,0,1,0,0,0,0,0,0,1,1,0,0,0
1,0,0,0,1,0,0,0,1,1,3,1,6,0
1,0,3,0,0,0,0,1,1,4,13,1,42,0
1,0,2,0,0,1,0,1,1,4,10,1,61,0
0,0,3,0,2,0,0,0,0,5,1,2,12,0
0,0,2,0,0,0,0,0,0,2,4,1,19,1
0,0,0,0,0,0,0,0,0,0,1,0,0,0
0,0,0,0,1,0,0,0,0,1,1,0,0,0
0,0,0,0,0,0,0,0,0,0,1,0,0,0
0,0,0,0,0,0,0,3,3,3,58,2,85,2
1,0,0,0,2,0,0,0,1,2,1,1,6,0
2,0,0,0,1,0,0,0,2,1,24,3,47,0
1,1,1,0,0,0,0,0,1,2,9,0,0,0
0,0,1,0,1,0,1,0,0,3,2,1,14,0
1,0,0,0,0,0,0,0,1,0,9,0,0,0
1,0,0,0,0,0,0,0,1,0,1,0,0,0
0,0,2,0,1,0,0,1,1,4,5,6,82,0
1,0,0,0,0,0,0,0,1,0,1,0,0,0
1,0,0,0,1,0,0,2,2,3,5,0,0,0
0,0,0,0,0,0,0,0,0,0,15,3,101,0
1,0,0,0,0,0,0,0,1,0,18,1,20,0
1,0,0,0,0,0,0,0,1,0,7,0,0,0
0,0,0,0,0,0,0,1,0,1,30,1,67,0
0,0,0,0,0,1,0,1,1,2,1,1,10,0
0,0,1,0,0,0,0,1,1,2,2,2,49,0
1,0,0,0,0,0,0,0,1,0,1,0,0,0
1,0,0,0,0,0,0,0,1,0,13,0,0,0
2,0,0,0,0,0,0,1,2,1,62,1,64,0
1,0,0,0,0,0,0,0,1,0,6,2,31,1
0,0,0,0,3,0,0,0,0,3,2,0,0,0
4,0,0,0,0,0,0,9,9,9,426,11,520,5
0,0,0,0,1,0,0,0,0,1,3,0,0,0
0,0,0,0,0,0,0,0,0,0,1,0,0,0
0,0,1,0,0,1,0,1,0,3,1,3,121,0
1,0,0,0,0,0,0,0,1,0,11,1,7,1
0,0,0,0,0,0,0,0,0,0,13,1,6,0
0,0,0,0,1,0,0,0,0,1,1,0,0,0
3,0,0,0,0,0,1,0,4,1,34,2,33,0
0,0,0,0,0,0,0,0,0,0,1,0,0,0
2,0,0,0,0,1,0,0,2,1,15,1,4,1
0,0,1,0,0,0,0,0,0,1,1,0,0,0
0,0,0,0,0,0,0,1,0,1,51,0,4,0
2,0,0,0,1,0,0,0,2,1,1,3,39,1
0,0,0,0,0,0,0,0,0,0,3,0,0,0
0,0,1,0,0,1,0,1,1,3,2,1,8,1
0,0,0,0,0,1,0,0,0,1,1,1,4,0
1,0,0,0,0,0,0,0,1,0,6,1,12,0
0,0,0,0,0,0,0,0,0,0,1,0,0,0
1,0,0,0,0,0,0,0,1,0,1,0,0,0
0,0,0,0,1,7,0,2,3,9,2,1,6,0
0,0,6,0,4,0,0,0,0,10,1,13,126,6
0,0,0,0,0,0,0,0,0,0,17,0,8,0
0,0,1,0,0,0,0,1,0,2,69,1,94,0
0,0,0,0,1,0,0,0,0,1,6,1,48,0
0,0,1,0,2,0,0,0,0,3,1,0,0,0
0,0,0,0,0,0,0,0,0,0,1,0,2,0
0,0,1,0,1,1,0,0,0,3,1,2,17,0
0,0,0,0,0,3,0,4,5,7,0,0,0,0
1,0,0,0,0,0,0,0,1,0,6,0,0,0
0,0,0,0,0,0,0,1,1,1,7,0,0,0
0,0,1,0,0,0,0,0,0,1,0,0,0,0
0,0,1,0,0,0,0,0,0,1,1,0,0,0
1,0,1,0,0,0,0,0,1,1,8,0,0,0
0,0,3,0,0,0,0,0,0,3,1,0,0,0
1,0,0,0,0,0,0,0,1,0,0,1,21,0
0,0,0,0,0,1,0,0,1,1,2,1,16,0
1,0,0,0,2,1,1,1,1,5,9,1,4,0
0,0,1,0,1,0,2,0,1,4,54,3,139,0
0,0,0,0,2,0,0,0,0,2,10,3,14,0
0,0,0,0,0,0,0,2,2,2,1,2,117,1
0,0,2,0,0,0,0,0,0,2,0,0,0,0
0,0,1,0,2,1,0,0,0,4,7,3,18,0
0,0,0,0,0,1,0,0,0,1,5,1,15,0
1,0,2,0,0,0,0,0,1,2,9,1,9,1
1,0,1,0,0,0,0,0,1,1,27,0,0,0
2,0,1,0,1,0,0,0,2,2,2,1,9,0
0,1,0,0,0,0,1,0,1,2,4,1,23,1
0,0,0,0,1,0,0,1,1,2,1,0,0,0
2,0,0,0,0,0,0,2,4,2,83,2,120,1
0,0,0,0,2,0,0,2,1,4,13,2,140,0
0,0,0,0,0,0,0,0,0,0,1,0,0,0
0,0,0,0,1,0,0,0,0,1,2,2,29,1
0,0,1,0,0,0,0,2,2,3,3,3,18,1
1,0,0,0,1,0,0,1,2,2,15,2,36,0
7,0,1,0,3,2,0,0,7,6,14,3,34,0
1,0,0,0,1,0,0,0,1,1,6,0,0,0
2,0,0,0,0,0,0,0,2,0,6,0,2,0
0,0,0,0,0,0,0,1,1,1,25,1,46,0
0,0,0,0,1,0,0,0,0,1,2,0,2,0
0,0,1,0,0,0,0,0,0,1,1,0,0,0
2,0,0,0,0,1,0,0,2,1,14,2,15,0
0,0,0,0,0,0,0,1,1,1,20,1,37,0
1,0,0,0,0,0,0,0,1,0,43,1,70,0
1,0,0,0,0,0,0,1,1,1,39,1,62,0
0,0,0,0,0,0,0,1,0,1,12,1,4,1
0,0,1,0,0,0,0,2,1,3,144,2,221,0
1,0,0,0,0,0,0,0,1,0,3,0,0,0
1,0,0,0,0,0,1,1,2,2,18,2,46,1
1,0,0,0,0,0,0,0,1,0,1,0,0,0
0,0,1,0,0,0,0,0,0,1,0,0,0,0
0,0,0,0,0,0,0,0,0,0,2,0,0,0
1,0,3,0,5,6,51,2,24,67,11,1,18,0
1,0,1,0,0,0,0,0,1,1,8,0,3,0
0,0,0,0,0,1,1,0,0,2,1,0,0,0
0,0,0,0,0,0,0,1,0,1,8,2,25,1
0,0,2,0,0,0,0,0,0,2,1,0,0,0
0,0,0,0,0,0,0,1,0,1,43,1,74,0
1,0,0,0,0,0,0,0,1,0,0,0,0,0
0,0,1,0,0,0,0,0,0,1,1,0,0,0
1,0,0,0,0,0,0,0,1,0,6,0,0,0
0,0,0,0,0,0,0,2,2,2,79,1,46,1
0,0,0,0,0,0,0,1,1,1,0,0,0,0
0,0,0,0,0,0,0,0,0,0,1,0,0,0
0,0,0,0,0,0,0,0,0,0,0,0,0,0
1,0,0,0,0,0,0,1,2,1,1,0,0,0
0,0,1,0,0,0,0,0,0,1,0,0,0,0
0,0,1,0,0,0,0,0,0,1,0,0,0,0
0,0,1,0,0,0,0,0,0,1,5,0,0,0
1,0,0,0,1,1,0,0,1,2,7,1,11,1
1,0,1,0,0,0,0,0,1,1,6,0,0,0
1,0,1,0,0,0,0,0,1,1,5,1,10,0
0,0,0,0,0,0,0,1,0,1,38,1,67,0
0,0,0,0,0,0,0,0,0,0,0,1,12,0
0,0,0,0,0,0,0,1,1,1,59,2,90,0
0,0,0,0,0,0,0,0,0,0,1,0,0,0
0,0,0,0,0,0,0,0,0,0,0,0,0,0
0,0,2,0,1,0,0,0,0,3,35,0,0,0
0,0,1,0,0,0,0,0,0,1,2,0,0,0
4,0,13,0,11,5,4,6,7,39,78,14,205,5
0,0,0,0,0,0,0,0,0,0,0,0,0,0
6,0,10,0,11,2,1,2,7,26,72,13,150,6
0,0,0,0,0,0,0,1,0,1,20,0,0,0
8,0,2,0,5,9,1,12,15,28,54,4,54,2
0,0,2,0,3,0,0,0,0,5,2,0,0,0
1,0,0,0,0,0,0,0,1,0,0,1,101,0
3,0,6,0,6,1,0,1,4,14,62,5,56,3
2,0,1,0,1,0,0,0,2,2,6,8,76,0
3,0,10,0,4,1,2,1,4,18,52,15,144,6
6,0,10,0,7,6,2,5,10,30,53,14,169,4
0,0,2,0,0,0,0,1,1,3,13,2,41,0
3,0,8,0,10,0,6,3,5,27,41,17,223,8
5,0,10,0,17,4,2,4,7,37,47,14,277,3
0,0,0,0,0,0,0,0,0,0,1,0,0,0
1,0,1,0,0,0,0,0,1,1,0,0,0,0
0,0,0,0,0,0,0,0,0,0,2,0,0,0
1,0,0,0,3,1,0,0,1,4,5,1,6,0
3,0,0,0,0,0,0,0,3,0,22,1,7,0
0,0,0,0,0,1,0,0,0,1,1,0,0,0
0,0,0,0,0,0,0,0,0,0,1,0,0,0
0,0,0,0,0,0,0,0,0,0,1,0,0,0
0,0,0,0,1,0,0,0,0,1,1,0,0,0
0,0,1,0,0,0,0,0,0,1,1,1,36,0
0,0,0,0,0,0,0,1,0,1,49,1,82,0
0,0,0,0,0,2,0,0,0,2,3,11,188,0
1,0,10,0,2,0,0,0,1,12,10,1,13,0
3,0,2,0,0,0,0,0,3,2,14,1,8,0
0,0,0,0,0,1,0,0,0,1,6,0,0,0
0,0,1,0,2,0,0,0,0,3,1,0,0,0
1,0,0,0,1,0,0,1,1,2,39,2,99,0
1,0,0,0,0,0,0,0,1,0,13,1,23,0
1,0,0,0,0,0,0,0,1,0,1,0,0,0
0,0,0,0,0,0,0,0,0,0,1,0,0,0
1,0,0,0,0,0,0,0,1,0,1,0,0,0
0,0,0,0,0,0,0,0,0,0,1,1,4,0
0,0,0,0,0,0,0,0,0,0,1,0,0,0
0,0,0,0,1,0,0,0,0,1,1,0,0,0
0,0,0,0,0,0,0,0,0,0,1,1,13,0
0,0,0,0,0,0,0,0,0,0,1,0,0,0
0,0,0,0,1,0,0,0,0,1,1,0,0,0
0,0,0,0,0,0,0,0,0,0,1,0,0,0
0,0,0,0,0,0,0,1,1,1,1,0,0,0
0,0,1,0,1,0,0,0,0,2,18,2,47,2
2,0,0,0,0,0,0,0,2,0,32,2,23,0
0,0,1,0,0,0,0,0,0,1,3,0,0,0
1,0,0,0,0,0,0,0,1,0,1,0,0,0
1,0,0,0,0,0,0,0,1,0,1,0,0,0
1,0,0,0,0,0,0,0,1,0,1,0,0,0
0,0,0,0,1,0,0,0,0,1,6,1,8,0
1,0,0,0,0,0,0,0,1,0,7,0,0,0
0,0,1,0,0,1,0,0,0,2,13,3,124,0
0,0,0,0,0,0,0,0,0,0,5,0,0,0
1,1,2,0,2,0,0,0,1,5,8,4,40,0
0,0,1,0,0,0,0,0,0,1,1,0,0,0
1,0,1,0,0,0,0,2,3,3,26,2,57,1
3,0,0,0,0,0,0,1,4,1,10,1,17,1
0,0,0,0,0,0,0,0,0,0,1,2,9,0
1,0,0,0,1,1,0,0,1,2,12,1,8,0
1,0,0,0,1,0,0,0,1,1,1,0,0,0
0,0,0,0,0,0,0,0,0,0,3,0,0,0
0,0,1,0,0,0,0,0,0,1,1,0,0,0
0,0,1,0,1,0,0,0,0,2,1,2,15,0
2,0,0,0,0,0,0,0,2,0,17,1,9,1
0,0,0,0,0,0,0,1,1,1,11,1,26,0
0,0,0,0,0,0,0,1,1,1,16,1,26,1
0,0,1,0,0,1,0,0,0,2,1,2,13,0
0,0,0,0,0,0,0,0,0,0,6,0,0,0
0,0,0,0,0,0,0,0,0,0,1,0,0,0
15,0,1,0,0,0,1,1,15,3,49,4,104,0
0,0,4,0,0,0,0,0,0,4,2,2,34,0
0,0,0,0,0,0,0,1,1,1,1,0,0,0
1,0,0,0,0,0,0,0,1,0,6,0,0,0
1,0,0,0,1,0,0,0,1,1,14,2,21,1
0,0,0,0,0,0,0,0,0,0,6,0,0,0
0,0,1,0,0,0,0,0,0,1,3,1,6,0
2,0,0,0,1,2,0,0,2,3,24,2,27,1
0,0,0,0,2,1,0,2,1,5,1,0,3,0
0,0,1,0,0,1,0,2,1,4,31,3,262,1
2,0,1,0,0,0,0,1,2,2,9,3,24,1
2,0,1,0,1,0,0,0,2,2,8,2,24,0
0,0,1,0,0,0,0,0,0,1,1,0,3,0
2,0,1,0,0,0,0,0,2,1,2,0,0,0
1,0,1,0,0,1,0,1,1,3,67,3,121,0
0,0,0,0,0,0,0,0,0,0,0,1,23,0
2,0,0,0,1,0,0,0,2,1,1,2,16,0
2,0,1,0,0,0,0,0,2,1,7,1,7,0
1,0,1,0,1,1,0,1,1,4,13,2,31,1
1,0,1,0,1,1,0,0,1,3,4,0,2,0
2,0,0,0,0,0,0,0,2,0,22,2,18,1
0,0,3,0,0,0,0,0,0,3,0,0,0,0
0,0,6,0,4,1,1,2,2,14,14,6,59,0
3,0,0,0,1,0,0,1,4,2,24,1,23,1
0,0,0,0,1,0,0,0,0,1,1,0,0,0
0,0,0,0,0,0,0,0,0,0,1,1,8,0
0,0,0,0,1,0,0,0,0,1,5,0,2,0
1,0,0,0,0,0,0,0,1,0,1,1,12,0
17,0,17,0,1,0,0,4,21,22,112,2,27,1
5,0,3,0,0,0,0,3,7,6,86,3,115,1
0,0,1,0,0,0,0,0,0,1,1,0,3,0
0,0,2,0,0,0,0,0,0,2,2,1,8,0
3,0,1,0,0,0,0,0,3,1,30,1,15,1
0,0,0,0,0,1,0,0,0,1,1,0,0,0
11,0,2,0,1,1,1,3,16,8,91,3,93,1
0,0,0,0,0,0,0,2,2,2,26,2,53,1
20,0,4,0,1,0,0,4,24,9,232,5,204,0
19,2,6,0,1,0,0,3,21,12,149,1,21,1
0,0,0,0,0,0,0,0,0,0,1,0,0,0
2,0,0,0,1,1,0,0,2,2,2,2,16,1
3,1,1,0,1,0,0,0,3,3,21,1,9,0
0,0,0,0,1,0,0,1,1,2,3,1,54,0
2,0,4,0,1,1,0,0,2,6,10,2,16,0
0,0,0,0,4,4,0,2,2,10,1,0,0,0
2,0,0,0,0,0,0,0,2,0,23,0,0,0
1,0,0,0,0,0,0,0,1,0,6,0,0,0
1,0,3,0,0,0,0,0,1,3,11,0,0,0
1,0,1,0,0,0,0,0,1,1,5,0,0,0
0,0,2,0,0,0,0,0,0,2,1,1,6,0
5,0,0,0,0,0,0,0,5,0,26,0,0,0
1,0,0,0,0,0,0,0,1,0,3,0,0,0
2,0,0,0,1,0,0,0,2,1,13,1,7,0
0,0,0,0,1,0,0,0,0,1,2,1,7,0
1,0,1,0,0,0,0,0,1,1,5,1,8,0
0,0,0,0,1,0,0,0,0,1,2,0,0,0
1,0,1,0,1,0,0,0,1,2,1,1,7,0
3,0,0,0,0,0,0,1,4,1,37,2,42,2
0,0,1,0,0,0,0,0,0,1,2,1,10,0
0,0,1,0,0,0,0,0,0,1,1,1,6,0
1,0,0,0,0,0,0,0,1,0,0,0,0,0
0,0,0,0,0,1,0,0,0,1,0,0,0,0
0,0,0,0,0,0,0,2,2,2,24,1,37,1
0,0,0,0,1,0,0,0,0,1,13,1,16,1
2,0,0,0,0,1,0,0,2,1,4,1,12,0
1,0,0,0,0,0,0,0,1,0,8,1,17,1
3,0,1,0,2,0,0,2,4,5,30,4,53,0
6,0,0,0,1,0,0,2,7,3,81,3,162,0
0,0,0,0,1,0,0,0,0,1,0,1,8,0
0,0,0,0,0,0,0,0,0,0,1,0,0,0
0,0,1,0,0,0,0,0,0,1,4,2,23,0
1,0,2,0,1,0,0,2,1,5,37,4,77,1
0,0,0,0,0,0,0,0,0,0,0,0,0,0
0,0,1,0,0,0,0,0,0,1,1,0,0,0
0,0,0,0,0,0,0,0,0,0,6,1,55,0
0,0,0,0,0,0,0,0,0,0,3,0,0,0
0,0,0,0,0,2,0,0,0,2,0,0,0,0
1,0,0,0,0,0,0,1,2,1,11,1,7,0
1,0,0,0,0,0,0,0,1,0,7,0,3,0
1,0,1,0,0,0,0,0,1,1,6,0,0,0
0,0,0,0,0,0,0,0,0,0,0,1,20,1
0,0,0,0,0,0,0,0,0,0,1,1,6,0
1,0,0,0,0,0,0,0,1,0,7,0,0,0
2,0,16,0,28,7,5,1,3,57,14,14,233,8
1,0,1,0,0,0,1,1,2,3,2,2,132,0
0,0,4,0,15,2,0,0,1,21,2,12,86,0
0,0,2,0,0,0,0,0,0,2,1,0,0,0
2,0,0,0,1,0,0,1,3,2,37,1,43,0
0,0,1,0,0,0,0,0,0,1,1,0,0,0
1,0,1,0,0,0,0,0,1,1,1,2,17,0
1,0,0,0,0,0,0,0,1,0,5,0,0,0
1,0,0,0,0,1,0,0,2,1,15,2,19,2
0,0,1,0,0,0,0,0,0,1,2,1,7,0
1,0,1,0,0,0,0,0,1,1,12,0,0,0
0,0,0,0,0,0,0,0,0,0,0,0,0,0
0,1,1,0,1,1,0,1,1,5,164,2,40,1
0,0,1,0,0,0,1,0,0,2,27,2,12,1
0,0,0,0,0,0,0,0,0,0,1,0,0,0
0,0,0,0,0,0,0,2,1,2,0,1,14,0
0,0,0,0,0,0,0,0,0,0,1,0,0,0
1,0,1,0,1,0,0,1,1,3,0,0,0,0
2,0,1,0,0,0,0,0,2,1,12,0,0,0
0,0,1,0,0,0,0,0,0,1,1,0,0,0
0,0,0,0,0,0,0,0,0,0,1,0,0,0
0,0,1,0,0,0,0,0,0,1,5,0,0,0
0,0,0,0,0,0,0,1,1,1,28,1,21,1
0,0,0,0,0,0,0,1,1,1,22,0,0,0
0,0,1,0,0,0,0,3,2,4,53,4,86,1
1,0,1,0,2,0,1,1,1,5,23,7,87,1
0,0,0,0,1,0,0,0,0,1,3,1,9,0
0,0,0,0,1,1,0,1,1,3,26,3,48,2
1,0,1,0,1,0,0,0,1,2,13,0,0,0
0,0,1,0,1,4,0,1,0,7,10,0,0,0
0,0,0,0,0,2,0,3,1,5,22,1,10,0
0,0,0,0,0,0,0,0,0,0,1,0,0,0
0,0,1,0,3,0,0,1,0,5,10,1,30,1
1,0,0,0,0,0,0,0,1,0,5,0,0,0
0,0,2,0,0,0,0,0,0,2,1,1,5,0
0,0,0,0,0,0,0,1,0,1,21,1,49,0
1,0,0,0,0,0,0,3,2,3,14,3,18,1
0,0,1,0,0,0,0,0,0,1,1,1,7,0
0,0,0,0,0,0,0,0,0,0,0,0,0,0
2,0,1,0,1,0,0,0,2,2,13,2,40,1
0,0,1,0,0,0,0,0,0,1,0,0,0,0
0,0,0,0,0,1,0,2,0,3,0,0,3,0
0,0,1,0,1,0,0,0,0,2,1,0,0,0
1,0,0,0,0,0,0,0,1,0,0,0,2,0
0,0,0,0,2,0,0,0,0,2,1,3,43,0
0,0,0,0,1,0,0,1,0,2,1,2,87,0
0,0,1,0,0,1,0,0,0,2,1,0,0,0
1,0,0,0,0,0,0,0,1,0,11,0,0,0
0,0,0,0,1,0,0,0,0,1,0,0,0,0
0,0,0,0,0,0,0,0,0,0,8,0,0,0
0,0,0,0,0,0,0,0,0,0,1,1,35,0
0,0,1,0,0,0,0,0,0,1,1,0,0,0
0,0,0,0,0,0,0,0,0,0,0,0,0,0
1,0,0,0,0,0,0,1,1,1,12,1,176,0
0,0,0,0,0,1,0,0,0,1,1,0,0,0
0,0,0,0,0,0,0,0,0,0,1,0,0,0
1,0,1,0,0,0,0,1,2,2,12,2,33,0
1,0,1,0,0,0,0,0,1,1,1,0,0,0
1,0,0,0,0,0,0,0,1,0,3,0,0,0
0,0,2,0,0,2,0,0,1,4,1,1,7,0
0,1,0,0,0,0,0,0,0,1,0,0,0,0
0,0,0,0,0,0,1,0,1,1,13,1,15,1
0,0,0,0,0,0,0,0,0,0,3,0,0,0
2,0,1,0,0,0,0,1,2,2,16,2,199,0
1,0,0,0,0,0,0,0,1,0,7,0,0,0
0,0,3,0,2,0,0,0,1,5,5,0,0,0
0,0,0,0,1,0,0,0,0,1,4,0,0,0
3,0,1,0,1,0,0,0,3,2,11,1,6,0
0,0,2,0,0,0,0,0,0,2,4,2,18,0
9,1,7,0,1,1,0,1,11,11,89,2,35,0
2,0,4,0,0,0,0,0,2,4,10,1,28,0
0,0,4,0,9,0,0,1,1,14,1,8,72,0
2,0,0,0,3,1,0,3,5,7,33,6,115,1
0,0,2,0,0,0,0,0,0,2,4,1,9,0
4,0,2,0,0,1,0,0,4,3,32,4,50,0
1,0,7,0,15,6,0,0,3,28,49,20,199,2
1,2,2,0,0,0,0,1,2,5,57,2,158,0
1,0,3,0,0,0,0,1,1,4,31,2,51,0
18,0,5,0,2,0,1,5,23,13,185,11,221,5
0,0,1,0,0,0,0,0,0,1,1,0,0,0
0,1,1,0,1,0,0,0,0,3,1,1,4,0
20,0,8,0,7,1,0,4,24,20,143,8,146,6
0,0,1,0,0,0,0,0,0,1,1,0,0,0
0,0,0,0,0,2,0,1,1,3,8,1,11,1
0,0,1,0,0,0,0,0,0,1,0,0,0,0
0,0,0,0,0,0,0,1,1,1,0,0,0,0
2,0,1,0,0,0,0,5,5,6,98,5,210,2
0,0,0,0,0,0,0,0,0,0,0,0,0,0
2,0,0,0,1,0,0,1,2,2,10,1,10,1
1,0,2,0,2,0,0,1,1,5,3,0,0,0
1,0,0,0,0,1,0,1,1,2,1,1,5,1
0,0,2,0,0,0,0,1,1,3,0,2,37,0
1,0,0,0,1,0,0,1,1,2,1,1,6,0
0,0,1,0,1,2,0,0,0,4,0,0,0,0
0,0,0,0,1,0,0,0,0,1,1,0,0,0
0,0,0,0,1,0,0,0,0,1,4,0,0,0
0,0,1,0,0,0,0,0,0,1,1,0,0,0
3,0,0,0,0,0,1,0,3,1,9,3,42,2
0,0,3,0,3,2,0,0,0,8,1,0,0,0
2,0,1,0,1,0,0,0,2,2,6,0,0,0
1,0,0,0,0,0,0,0,1,0,17,0,0,0
0,0,0,0,0,1,0,0,0,1,1,0,0,0
0,0,1,0,0,1,0,0,0,2,8,5,33,0
0,0,0,0,0,1,0,0,0,1,1,1,13,1
0,0,0,0,0,0,0,1,1,1,42,1,92,0
2,0,0,0,2,0,0,0,2,2,26,3,24,1
0,0,2,0,0,0,0,0,0,2,3,0,0,0
0,0,1,0,0,3,0,1,1,5,1,0,0,0
1,0,1,0,0,0,0,0,1,1,12,1,5,0
1,0,1,0,3,1,2,0,1,7,13,1,8,0
0,0,0,0,1,0,0,1,1,2,4,0,0,0
0,0,0,0,4,0,0,1,0,5,58,3,64,1
0,0,0,0,0,0,0,0,0,0,1,0,0,0
0,0,0,0,1,0,0,0,0,1,19,1,27,0
1,0,0,0,0,0,0,0,1,0,13,0,0,0
1,0,0,0,0,0,0,1,2,1,26,2,37,1
0,0,1,0,0,0,0,0,0,1,1,0,0,0
0,0,1,0,0,0,0,0,0,1,4,0,0,0
0,0,0,0,1,0,1,0,1,2,19,2,23,1
2,0,1,0,0,0,0,0,2,1,8,0,0,0
1,0,2,0,0,0,0,0,1,2,9,1,13,1
1,0,0,0,0,0,0,0,1,0,9,1,11,0
0,0,1,0,2,1,0,0,0,4,6,0,0,0
1,0,1,0,1,0,0,0,1,2,4,0,0,0
0,0,0,0,0,0,0,0,0,0,0,0,0,0
1,0,0,0,0,0,0,0,1,0,14,0,0,0
0,0,1,0,0,0,0,0,0,1,0,0,2,0
0,0,0,0,1,1,0,0,0,2,1,1,11,1
0,0,1,0,0,2,0,0,1,3,4,1,7,0
1,0,1,0,0,0,0,0,1,1,8,0,0,0
0,0,1,0,0,1,0,1,1,3,2,7,69,2
0,0,1,0,0,0,0,0,0,1,1,0,0,0
0,0,0,0,0,0,0,0,0,0,16,0,2,0
0,0,1,0,0,0,0,0,0,1,10,2,22,0
0,0,0,0,1,0,0,2,2,3,16,3,57,0
2,0,2,0,1,1,0,3,3,7,32,6,176,3
0,0,2,0,6,0,0,0,0,8,1,5,25,0
0,0,1,0,1,1,2,0,0,5,0,4,100,2
0,0,0,0,1,0,0,0,0,1,1,2,12,0
1,0,0,0,0,0,0,1,2,1,26,1,21,1
2,0,0,0,0,0,0,0,2,0,97,3,155,0
2,0,0,0,0,0,0,0,2,0,10,1,4,0
1,0,1,0,0,1,0,0,1,2,2,1,16,0
1,0,0,0,0,0,0,0,1,0,1,0,0,0
1,0,0,0,0,0,0,0,1,0,15,1,7,0
0,0,2,0,0,0,0,0,0,2,1,1,7,0
0,0,0,0,1,0,0,0,0,1,4,0,0,0
0,0,0,0,0,0,0,1,0,1,4,2,50,1
0,0,0,0,2,0,1,1,0,4,26,3,347,2
0,0,1,0,4,1,0,1,1,7,10,5,332,1
1,0,0,0,0,2,0,3,2,5,7,2,93,0
17,0,16,0,18,15,3,25,40,75,197,16,207,4
9,0,2,0,1,0,1,4,13,8,8,10,874,0
0,0,2,0,0,0,0,1,0,3,76,1,360,0
0,0,0,0,0,0,0,3,1,3,1,0,0,0
0,0,2,0,4,1,11,12,4,30,1,0,0,0
0,0,0,0,1,0,0,1,0,2,0,1,8,0
0,0,2,0,2,3,0,17,14,24,21,1,34,0
0,0,27,0,33,29,45,27,17,161,32,1,8,0
1,0,0,0,0,1,0,1,1,2,5,0,0,0
5,0,1,0,0,0,0,1,5,2,5,0,3,0
1,0,2,0,3,4,2,16,13,27,6,0,0,0
0,0,3,0,3,2,2,1,0,11,6,5,38,0
0,0,2,0,2,0,0,1,1,5,1,2,54,0
0,0,0,0,1,0,0,3,2,4,13,2,44,1
0,0,0,0,3,0,4,16,12,23,42,2,82,0
0,0,0,0,1,0,0,2,1,3,26,2,40,1
0,0,0,0,9,10,3,17,17,38,5,1,9,0
1,0,2,0,5,25,2,36,16,70,1,1,9,0
6,0,1,0,25,11,29,16,17,82,3,1,13,1
0,8,149,0,65,3,4,0,4,229,8,1,11,1
1,0,1,0,3,1,0,2,3,7,4,0,0,0
1,0,1,0,0,0,0,3,2,4,1,3,408,0
2,0,6,0,3,3,0,4,6,15,27,3,55,0
53,0,3,0,4,1,3,17,63,28,54,34,1779,1
0,0,1,0,4,0,0,2,0,7,1,2,15,0
3,0,4,0,10,1,19,16,4,50,12,1,6,0
3,0,9,0,1,2,6,8,4,26,44,4,105,0
0,0,3,0,4,3,9,10,2,29,0,0,0,0
0,0,0,0,0,0,0,5,0,5,1,0,0,0
0,0,0,0,0,1,1,13,1,15,1,0,0,0
0,0,1,0,1,0,1,3,0,6,4,0,0,0
0,0,0,0,7,5,0,12,4,24,46,1,75,0
0,0,0,1,4,1,2,13,5,21,0,0,0,0
1,2,16,0,7,3,18,11,12,57,4,0,0,0
4,0,0,0,1,0,0,1,4,2,10,2,108,0
0,2,4,0,4,1,1,3,0,15,3,1,9,0
2,0,0,0,0,1,0,1,2,2,95,9,76,2
0,0,1,0,6,10,0,24,12,41,176,5,210,1
0,0,0,0,0,0,0,2,0,2,154,1,171,0
0,0,0,0,1,0,0,1,0,2,1,1,251,0
2,0,1,0,3,1,1,2,3,8,4,3,33,0
0,0,0,1,0,0,0,1,1,2,3,1,341,0
1,0,2,0,0,0,0,2,2,4,21,1,9,0
1,3,55,0,68,36,9,2,3,173,10,11,105,0
1,0,0,0,1,0,0,1,1,2,6,1,8,0
1,0,0,0,1,0,0,2,1,3,132,1,191,0
1,0,2,0,4,9,3,21,18,39,49,3,133,0
2,0,40,2,52,10,11,11,9,126,16,1,11,1
2,0,2,0,2,3,7,17,10,30,23,1,7,0
1,0,2,0,2,0,1,1,1,6,22,0,0,0
1,0,0,0,0,0,0,1,2,1,9,1,305,0
0,0,2,0,4,0,0,4,3,10,1,1,4,0
1,0,0,0,0,0,0,2,2,2,8,1,50,0
0,0,53,0,47,27,11,22,0,160,1,0,0,0
16,0,23,0,20,9,7,16,27,75,331,18,352,2
0,1,1,0,0,0,1,1,2,4,0,0,0,0
0,0,19,0,22,4,0,8,4,53,6,0,5,0
0,0,0,0,0,0,0,1,1,1,2,3,162,0
0,0,2,0,2,0,2,2,1,8,8,4,48,1
0,0,3,0,1,1,0,3,1,8,96,5,267,1
3,0,5,0,3,0,0,3,5,11,179,8,291,5
4,0,2,0,0,0,0,2,5,4,35,2,244,0
7,0,4,1,17,34,52,3,33,111,2,1,8,0
0,0,9,0,2,1,3,1,0,16,1,8,65,0
1,0,3,0,1,0,0,3,2,7,9,8,650,2
1871,0,11,6,48,1,8,0,1877,74,59,3,137,1
0,0,2,1,44,93,16,2,5,158,12,1,25,0
1,0,14,3,13,16,34,0,6,80,2,0,0,0
0,0,0,0,0,0,0,1,0,1,3,1,178,0
0,0,1,0,0,2,0,32,10,35,1,0,0,0
1,0,45,0,67,40,36,5,2,193,21,18,195,5
0,0,1,0,2,0,0,20,10,23,1,0,0,0
1,0,0,0,4,6,3,33,16,46,1,0,0,0
0,0,2,0,5,6,0,19,7,32,2,2,27,0
1,0,10,0,29,36,1,7,1,83,13,1,15,1
1,0,0,0,0,0,0,1,1,1,1,0,0,0
2,0,21,0,11,7,0,4,5,43,54,4,77,0
0,0,8,0,3,0,1,1,0,13,1,4,41,1
1,0,6,0,3,2,3,0,2,14,8,6,63,0
0,0,2,0,0,0,0,4,1,6,501,3,423,0
1,0,1,0,2,0,2,18,11,23,9,0,0,0
2,0,1,0,2,1,2,1,2,7,25,5,87,1
1,0,4,0,3,0,0,1,1,8,12,4,31,1
0,0,1,0,0,0,1,1,1,3,53,2,105,1
1,0,0,1,1,3,1,36,16,42,1,0,0,0
0,1,5,1,0,1,0,1,1,9,14,3,370,1
0,0,1,0,8,36,4,3,2,52,3,0,0,0
0,38,266,0,39,3,8,2,2,356,4,0,0,0
1,0,2,0,0,0,0,1,2,3,62,2,321,0
1,0,0,0,1,0,0,1,1,2,5,0,0,0
1,0,1,0,0,0,0,1,2,2,5,1,9,0
0,1,2,1,3,6,3,22,12,38,5,1,10,0
5,0,0,0,0,0,0,20,17,20,508,16,864,5
2,1,3,0,1,2,0,3,3,10,15,1,7,0
1,0,27,0,43,51,16,36,9,173,2,1,4,0
282,0,227,0,9,8,0,0,287,244,1,0,0,0
0,0,0,0,0,0,1,1,0,2,1,1,9,0
0,0,5,0,4,6,5,16,7,36,8,1,64,0
4,0,1,1,1,1,1,16,13,21,572,17,800,1
1,0,3,0,5,2,0,3,1,13,83,2,83,0
0,0,3,0,4,1,1,2,2,11,4,1,48,0
3,0,0,0,4,6,22,21,11,53,63,1,64,0
0,0,136,0,82,0,5,0,0,223,1,0,0,0
19,0,1,0,0,8,5,20,20,34,159,38,1127,7
4,2,386,8,94,3,8,1,14,502,6,14,108,1
0,1,90,1,85,30,5,2,6,214,30,32,263,3
0,0,13,0,8,9,6,28,18,64,0,1,8,0
10,1,0,0,0,0,0,18,15,19,656,16,1055,3
1,1,6,0,4,0,0,1,1,12,30,2,530,1
0,0,1,0,6,5,2,21,14,34,2,0,0,0
3,0,0,0,2,7,0,16,16,23,37,3,54,0
4,0,31,0,154,22,22,3,13,232,10,1,28,0
1,0,16,0,7,3,15,13,6,54,0,2,53,2
0,0,2,0,7,77,12,4,1,102,2,3,18,0
2,0,0,0,2,2,1,3,4,7,12,4,47,2
0,0,2,0,1,1,1,1,0,6,5,0,0,0
0,1,7,0,4,1,5,11,2,29,1,0,0,0
0,0,4,0,6,2,6,20,17,38,3,1,14,0
0,0,3,0,3,5,2,14,3,27,7,1,14,1
1,4,26,0,1,1,0,1,4,33,20,5,359,0
2,0,1,0,3,7,1,18,19,30,74,5,120,1
0,0,2,0,2,1,3,5,0,13,3,1,9,0
0,0,0,0,1,0,2,1,0,4,1,2,101,0
0,0,2,0,5,2,5,20,13,34,1,0,0,0
0,0,5,0,8,7,3,34,19,56,2,0,0,0
0,0,2,0,2,3,2,21,17,29,3,0,0,0
0,0,2,0,2,1,1,3,2,9,15,4,323,2
0,0,1,0,6,12,7,31,25,55,22,2,28,1
1,0,2,0,2,0,1,1,1,6,10,6,437,1
0,0,0,0,2,0,0,1,0,3,4,2,19,0
1,0,0,0,1,0,0,1,1,2,5,0,0,0
0,0,0,0,0,0,0,1,0,1,1,2,97,0
20,30,270,175,328,175,9,4,332,991,1,2,21,0
2,0,2,0,5,10,5,18,17,37,6,1,22,0
0,1,288,0,11,0,0,0,1,300,20,0,0,0
2,0,2,0,1,1,1,1,3,6,1,7,115,0
1,2,0,0,0,0,0,1,1,3,19,0,0,0
1,0,3,0,8,7,4,7,3,29,1,1,11,0
0,0,1,0,0,0,0,1,0,2,1,2,281,0
1,1,2,0,5,0,0,4,1,12,33,3,296,2
1,0,2,0,3,0,1,1,1,7,2,1,6,0
173,0,7,0,3,11,23,17,180,61,2,42,1209,0
1,0,2,0,3,3,9,17,17,34,4,1,9,0
0,0,0,0,2,4,1,29,14,36,23,0,0,0
1,0,23,0,16,5,7,5,5,56,4,1,10,0
0,0,4,0,7,6,9,20,5,46,0,0,0,0
3,0,3,0,7,2,1,0,4,13,7,7,655,0
1,0,1,0,3,0,6,6,1,16,28,1,54,1
2,0,0,0,1,0,1,7,2,9,0,0,0,0
0,0,1,0,2,1,1,12,2,17,4,1,11,1
1,0,0,0,1,1,2,3,1,7,1,0,0,0
0,0,2,0,0,1,0,1,2,4,1,1,156,0
1,0,0,0,1,4,0,9,4,14,1,1,27,0
1,0,2,0,7,14,4,17,7,44,32,8,66,1
0,0,0,0,1,0,7,2,2,10,28,1,53,0
0,0,1,0,5,3,2,1,0,12,3,1,52,0
0,1,23,0,31,24,14,1,4,94,1,0,0,0
1,0,5,0,1,1,0,3,4,10,52,4,536,3
1,0,7,0,7,6,5,23,10,48,1,0,0,0
19,0,165,0,23,4,17,0,65,209,0,1,12,0
0,0,2,0,1,0,0,1,0,4,1,0,0,0
1,4,66,0,134,1,15,0,1,220,5,18,132,1
2,0,0,0,1,0,1,1,2,3,3,3,38,1
1,0,0,0,1,1,0,2,2,4,8,4,71,0
1,0,1,0,0,0,0,2,2,3,11,3,349,0
1,0,0,0,1,1,1,2,2,5,308,0,0,0
0,0,2,0,16,10,6,28,19,61,21,1,11,0
1,0,0,0,0,0,0,1,1,1,1,0,0,0
1,0,1,0,1,0,0,1,1,3,9,1,328,0
1,0,3,0,1,0,0,1,1,5,15,1,12,0
1,1,48,0,27,1,12,3,2,92,94,1,127,0
0,0,0,0,0,0,0,1,0,1,1,1,206,0
4,0,3,0,0,0,1,3,5,7,5,3,421,2
0,0,0,0,0,0,1,5,0,6,2,4,210,0
28,0,1,0,1,4,4,39,30,49,33,23,1780,1
1,0,1,0,3,1,0,16,1,21,1,22,1330,0
3,0,14,0,31,54,0,16,11,115,1,1,5,0
3,0,0,0,0,0,2,3,4,5,27,1,31,0
1,0,2,0,0,0,0,1,1,3,6,1,169,0
1,0,1,0,0,0,0,1,2,2,3,1,329,1
0,0,0,0,8,3,1,17,10,29,8,2,12,1
0,0,0,0,0,0,0,1,0,1,1,0,0,0
1,0,1,0,2,7,2,16,10,28,81,1,111,0
0,0,4,0,63,63,2,3,1,135,1,0,0,0
0,0,3,0,7,6,3,16,8,35,146,25,1159,8
1,5,227,1,145,31,17,0,4,426,2,0,0,0
0,0,27,0,39,31,5,1,2,103,12,1,18,0
0,0,0,0,0,3,1,18,7,22,21,1,20,1
0,0,1,0,0,0,0,22,1,23,1,0,0,0
0,0,0,0,0,0,0,1,0,1,6,4,268,4
0,0,5,0,3,1,3,5,3,17,38,9,410,4
2,0,0,0,0,0,0,1,3,1,10,0,0,0
0,0,0,0,2,3,1,16,10,22,1,1,12,0
3,0,23,0,3,0,1,2,4,29,51,5,69,0
4,0,0,0,0,0,0,1,4,1,45,2,38,0
